Date,year,uniqueinds,mean_morningmass,mean_massresid,mean_percentmassgain,mean_absmassgain,ConditionChange_t_t1
16/07/2002,2002,65,717.2022472,14.72205405,4.202324508,29.80898876,0.502340332
23/07/2002,2002,92,722.9176471,15.22439438,4.701456882,33.12941176,1.134583221
30/07/2002,2002,80,713.2993631,16.3589776,4.721573203,33.37579618,-1.523512149
06/08/2002,2002,69,733.2926829,14.83546545,3.832446657,27.52439024,-10.21387824
13/08/2002,2002,90,715.1666667,4.621587209,4.926544229,35.2962963,-0.352190551
20/08/2002,2002,66,709.8139535,4.269396659,4.546519873,32.03488372,-9.002343018
27/08/2002,2002,94,703.1381579,-4.732946359,4.47163917,31.34210526,10.77462771
03/09/2002,2002,78,704.3703704,6.041681347,3.912391712,27.25925926,-8.073010219
10/09/2002,2002,67,716.7889908,-2.031328872,4.628057572,32.79816514,5.69381859
17/09/2002,2002,78,723.5806452,3.662489718,3.429792036,24.20645161,-27.04225134
24/09/2002,2002,63,694.7368421,-23.37976162,4.449461146,30.52631579,14.58794507
01/10/2002,2002,66,713.9453125,-8.79181655,3.684976133,26.3984375,3.570386363
08/10/2002,2002,70,708.9711538,-5.221430187,4.910364707,34.45192308,22.18423875
15/10/2002,2002,60,714.8433735,16.96280857,6.585067216,46.61445783,26.02946147
22/10/2002,2002,54,729.5671642,42.99227003,3.252801163,23.32835821,12.08539896
29/10/2002,2002,40,742.8,55.07766899,4.326035451,30.425,1.121630753
05/11/2002,2002,40,728.2727273,56.19929974,4.40097911,32.29545455,-20.8674713
12/11/2002,2002,27,765.3783784,35.33182845,4.32054348,31.62162162,-22.66462639
19/11/2002,2002,33,713.05,12.66720205,4.262168305,30.15,-17.95468617
26/11/2002,2002,19,657.4074074,-5.287484115,5.631693132,36.74074074,-27.0277538
03/12/2002,2002,10,658.6,-32.31523791,5.365441611,35.8,18.26374595
10/12/2002,2002,37,657.1081081,-14.05149196,4.442350703,29.2972973,10.01293477
17/12/2002,2002,11,658.6666667,-4.038557191,4.026347478,26.53333333,23.02887806
24/12/2002,2002,14,653.8571429,18.99032087,4.613585964,30.21428571,-2.040530494
31/12/2002,2002,34,695.5681818,16.94979038,4.5964782,31.15909091,-3.345819738
08/01/2003,2003,47,698.0212766,13.60397064,4.521501616,30.76595745,10.58260281
15/01/2003,2003,11,743.9090909,24.18657345,3.77838411,27.72727273,-19.18496242
22/01/2003,2003,49,693.9516129,5.001611027,3.340140516,22.75806452,-3.577646529
29/01/2003,2003,53,685.6144578,1.423964498,3.684836502,25.62650602,-11.20756512
05/02/2003,2003,44,667.3013699,-9.78360062,4.660977437,30.91780822,0.789694537
12/02/2003,2003,40,656.4642857,-8.993906083,6.642816839,41.21428571,13.56788655
19/02/2003,2003,52,666.4880952,4.573980467,5.07212937,33.23809524,6.686297597
26/02/2003,2003,48,668.7384615,11.26027806,5.769348555,37.90769231,3.863129853
05/03/2003,2003,72,704.7175573,15.12340792,5.12662238,35.42748092,-9.013080767
12/03/2003,2003,64,686.9029126,6.11032715,3.298964792,22.62135922,-11.06362442
19/03/2003,2003,66,657.3232323,-4.953297265,4.111639632,26.55555556,-5.244302664
26/03/2003,2003,70,669.1078431,-10.19759993,5.97785073,39.2254902,-11.19552559
02/04/2003,2003,110,635.5543478,-21.39312551,4.841326411,30.49456522,-7.245503912
09/04/2003,2003,114,634.142132,-28.63862943,5.370910707,33.3857868,-7.531379747
16/04/2003,2003,101,641.1234568,-36.17000917,6.609775253,41.77160494,41.77660457
23/04/2003,2003,71,657.7666667,5.606595396,8.207628745,53.06666667,-1.527896201
30/04/2003,2003,62,704.5733945,4.078699195,6.619960484,46.32568807,5.495693928
07/05/2003,2003,85,674.778481,9.574393122,6.497440444,43.39240506,-17.35318377
14/05/2003,2003,87,688.9343066,-7.778790651,6.678929621,45.66423358,4.331567862
21/05/2003,2003,102,663.5730994,-3.447222789,6.613682955,43.11695906,-1.58955194
28/05/2003,2003,112,679.2596685,-5.03677473,6.789285329,45.49171271,4.404589267
04/06/2003,2003,110,664.4830918,-0.632185462,5.440443617,35.77777778,-6.496007743
11/06/2003,2003,120,669.3463415,-7.128193205,5.714225989,37.83414634,-4.23805146
18/06/2003,2003,113,664.18,-11.36624466,6.446112095,41.95,-7.118404313
25/06/2003,2003,116,675.375,-18.48464898,5.699114675,38.05,-2.559432648
02/07/2003,2003,127,655.1764706,-21.04408163,6.28556897,40.51680672,-7.449358114
09/07/2003,2003,126,641.816092,-28.49343974,6.825570535,43.31417625,-7.989740429
16/07/2003,2003,105,649.3173653,-36.48318017,6.398127721,41.22155689,-9.086169597
23/07/2003,2003,122,640.7630058,-45.56934977,5.915652262,37.38728324,9.53370796
30/07/2003,2003,101,635.6715328,-36.03564181,5.96938608,38.00729927,-6.944626849
06/08/2003,2003,124,640.2313433,-42.98026866,6.08169555,39.10074627,-0.593487533
13/08/2003,2003,74,642.4357542,-43.57375619,6.03245831,38.20111732,-3.391238595
20/08/2003,2003,104,638.040201,-46.96499478,6.589055901,41.92462312,-8.389561554
27/08/2003,2003,105,612.3076923,-55.35455634,7.76881511,46.8041958,-0.065696302
03/09/2003,2003,118,613.9838057,-55.42025264,6.452612246,39.01619433,0.824976907
10/09/2003,2003,92,622.1386139,-54.59527573,7.491141373,46.0990099,1.186280023
17/09/2003,2003,93,610.1356784,-53.40899571,6.82827824,41.42713568,16.10756585
24/09/2003,2003,59,649.4719101,-37.30142985,9.193133946,59.42696629,34.03883105
01/10/2003,2003,114,672.0928962,-3.262598801,6.475351283,42.89617486,8.901844369
08/10/2003,2003,97,684.4724409,5.639245568,4.927722461,33.52755906,6.077682665
15/10/2003,2003,56,692.546875,11.71692823,6.434938389,44.765625,39.50660246
22/10/2003,2003,54,722.826087,51.22353069,6.571906792,46.44927536,-1.460300186
29/10/2003,2003,86,718.03125,49.7632305,4.047921978,29.06875,-20.49935863
05/11/2003,2003,47,725.9078947,29.26387187,3.942526328,28.15789474,-13.72977482
12/11/2003,2003,52,691.7105263,15.53409705,4.622158458,31.17105263,33.44759285
19/11/2003,2003,77,697.4692308,48.9816899,5.759636064,39.68461538,15.75881532
26/11/2003,2003,44,724.2153846,64.74050523,3.980060761,28.29230769,15.46722327
03/12/2003,2003,59,742.9285714,80.20772849,3.75863216,27.35714286,-23.43507496
10/12/2003,2003,61,707.133758,56.77265353,3.120785358,21.63694268,-20.16761416
17/12/2003,2003,42,684.408,36.60503937,3.337968374,22.144,-19.23417923
24/12/2003,2003,60,680.7361963,17.37086014,3.752345714,25.09815951,-19.85264446
31/12/2003,2003,64,667.2206897,-2.481784318,3.329154626,21.66206897,-21.15405219
08/01/2004,2004,56,644.7234043,-23.6358365,4.198310562,26.57446809,30.71535657
15/01/2004,2004,33,679.0434783,7.079520063,6.331818991,42.54347826,20.63581309
22/01/2004,2004,41,685.0694444,27.71533315,4.069659861,27.33333333,4.705877928
29/01/2004,2004,64,714.1428571,32.42121108,3.4829068,24.53333333,-0.442811601
05/02/2004,2004,57,711.6162791,31.97839948,3.45239358,23.79069767,-14.46293535
12/02/2004,2004,49,701.4047619,17.51546413,3.154732009,21.16666667,2.197019801
19/02/2004,2004,63,699.7567568,19.71248393,5.67245978,39.27927928,7.389645498
26/02/2004,2004,50,701.7875,27.10212943,5.167888433,35.2875,-5.39433333
04/03/2004,2004,64,690.4059406,21.7077961,4.365411392,29.23762376,-2.643124394
11/03/2004,2004,61,694.984375,19.06467171,4.068389213,27.2890625,-10.03083229
18/03/2004,2004,80,684.2962963,9.033839419,4.749224675,32.43518519,-10.67972087
25/03/2004,2004,62,691.2195122,-1.64588145,5.541488778,37.30894309,10.71532637
01/04/2004,2004,59,702.6105263,9.069444917,6.336556414,44.34736842,4.326901272
08/04/2004,2004,42,702.3770492,13.39634619,6.533828355,45.42622951,20.08367384
15/04/2004,2004,46,736.987013,33.48002003,6.555474867,47.76623377,-6.758947804
22/04/2004,2004,30,734.047619,26.72107223,6.761266244,49.35714286,10.91081888
29/04/2004,2004,45,748.6393443,37.6318911,5.066385005,37.42622951,-12.08995704
06/05/2004,2004,47,695.5915493,25.54193406,6.140924575,41.85915493,-3.724580015
13/05/2004,2004,67,709.5955056,21.81735405,5.012062183,35.50561798,-1.951294753
20/05/2004,2004,74,716.3157895,19.86605929,6.008895658,43.14912281,-2.679845014
27/05/2004,2004,76,710.278481,17.18621428,5.497289578,38.24050633,-11.44630007
03/06/2004,2004,67,695.75,5.739914207,6.225867399,42.97916667,2.286232496
10/06/2004,2004,54,702.3135593,8.026146702,5.630876937,39.36440678,-9.776385927
17/06/2004,2004,52,702.4252874,-1.750239225,6.117768303,42.63218391,9.149338335
24/06/2004,2004,86,709.1722222,7.39909911,6.165698546,43.41111111,-0.596196618
01/07/2004,2004,77,703.1318681,6.802902492,5.860724622,40.63736264,-6.860106517
08/07/2004,2004,63,704.6764706,-0.057204025,6.411060958,44.60784314,-5.917157802
15/07/2004,2004,54,712.5731707,-5.974361828,5.607327139,39.87804878,-0.901199143
22/07/2004,2004,62,714.3368421,-6.87556097,6.41025272,45.41052632,-3.880279543
29/07/2004,2004,62,697.6283186,-10.75584051,6.519640102,45.07079646,5.895321378
05/08/2004,2004,72,722.3714286,-4.860519135,6.213665309,45.03571429,-4.135645638
12/08/2004,2004,81,696.5214286,-8.996164774,6.174716195,42.3,10.42814202
19/08/2004,2004,55,703.9705882,1.431977244,5.54666231,38.56617647,-20.45416558
26/08/2004,2004,63,703.597561,-19.02218834,6.378055784,44.70731707,12.31016992
02/09/2004,2004,61,723.8235294,-6.712018419,5.378000367,38.59803922,-7.619787439
09/09/2004,2004,53,717.2857143,-14.33180586,6.405141088,45.46428571,0.173253817
16/09/2004,2004,38,711,-14.15855204,5.132304187,36.84444444,20.86836032
23/09/2004,2004,25,724.25,6.709808278,8.142640274,58.375,5.427639265
30/09/2004,2004,20,743.15,12.13744754,5.907717347,43,13.09411984
07/10/2004,2004,39,764.3,25.23156738,5.349470692,40.64,1.399899024
14/10/2004,2004,27,754.975,26.6314664,5.95077723,44.875,-2.903485459
21/10/2004,2004,27,750.5151515,23.72798094,5.537241519,41.24242424,18.37567488
28/10/2004,2004,37,780.1960784,42.10365582,4.851916852,37.68627451,10.11370464
04/11/2004,2004,29,786.5151515,52.21736046,4.304813364,33.62121212,-30.2118649
11/11/2004,2004,21,764.5714286,22.00549556,3.994514132,30.11428571,19.94323989
18/11/2004,2004,35,794.1136364,41.94873545,3.894356746,30.70454545,-28.93676405
25/11/2004,2004,32,761.0441176,13.01197139,5.009195854,37.75,4.436298065
02/12/2004,2004,40,764.8714286,17.44826946,3.026750677,23.01428571,-17.23505392
09/12/2004,2004,39,708.2247191,0.213215541,4.717077073,32.78651685,23.2551659
16/12/2004,2004,48,739,23.46838144,5.254545209,37.76388889,-14.9145158
23/12/2004,2004,22,708.2592593,8.553865641,3.763475304,25.25925926,-22.47130835
30/12/2004,2004,42,714.9354839,-13.91744271,4.828786779,33.64516129,-10.85904012
08/01/2005,2005,35,706.490566,-24.77648284,2.89117517,19.79245283,-16.21745581
15/01/2005,2005,37,686.56,-40.99393865,4.631274847,31.3,19.28984459
22/01/2005,2005,16,698.0416667,-21.70409406,4.489833843,31.125,18.67275772
29/01/2005,2005,24,711.1315789,-3.03133634,5.605350098,39.42105263,13.65001608
05/02/2005,2005,39,673.1136364,10.61867974,4.151249759,27.20454545,-13.6959741
12/02/2005,2005,32,709.2666667,-3.077294364,4.966235394,35.17777778,-1.413045142
19/02/2005,2005,43,711.6129032,-4.490339506,4.170777192,29.06451613,9.891883019
26/02/2005,2005,42,699.6231884,5.401543513,5.01996928,34.11594203,-6.877671432
05/03/2005,2005,50,681.6578947,-1.476127919,4.212194326,28.15789474,-11.50078074
12/03/2005,2005,56,672.6805556,-12.97690866,5.533228209,36.19444444,-5.500321733
19/03/2005,2005,56,672.4848485,-18.47723039,6.154982956,40.50505051,22.79894353
26/03/2005,2005,53,682.9791667,4.321713135,5.684661143,37.6875,-3.212923686
02/04/2005,2005,65,687.1132075,1.108789449,6.043556033,41.06603774,-2.935879896
09/04/2005,2005,45,689.0449438,-1.827090447,6.523320761,43.97752809,13.94742234
16/04/2005,2005,53,697.94,12.1203319,5.575091988,37.71,-2.742580766
23/04/2005,2005,50,697.4594595,9.377751132,6.789466091,46.66216216,9.756903995
30/04/2005,2005,64,716.7475728,19.13465513,5.501762038,39.34951456,6.537696426
07/05/2005,2005,51,730.972973,25.67235155,5.517345418,39.52702703,-10.09171264
14/05/2005,2005,80,700.4677419,15.58063891,5.52574606,37.54032258,-9.144530221
21/05/2005,2005,74,709.0275229,6.436108691,5.732398551,40.32110092,7.131797213
28/05/2005,2005,99,693.5721154,13.5679059,5.908069431,39.80288462,-2.186885881
04/06/2005,2005,89,695.4794521,11.38102002,5.859290659,40.57534247,10.87259973
11/06/2005,2005,71,724.7384615,22.25361975,5.136280498,36.5,-0.534863232
18/06/2005,2005,70,702.2307692,21.71875652,5.120691737,35.25,-13.59519491
25/06/2005,2005,65,709.5274725,8.123561612,4.996042621,34.3956044,7.844479453
02/07/2005,2005,63,723.5098039,15.96804107,4.441008558,31.2254902,-11.77302429
09/07/2005,2005,50,697.9253731,4.19501678,4.167995694,28.31343284,-10.91017396
16/07/2005,2005,49,681.7205882,-6.715157179,4.584131758,31.19117647,3.200036909
23/07/2005,2005,78,673.8867925,-3.51512027,4.645912515,30.9245283,-2.463130086
30/07/2005,2005,80,692.9752066,-5.978250356,4.666715922,32.05785124,4.622281031
06/08/2005,2005,84,691.0604027,-1.355969325,3.927809549,26.86577181,6.379399595
13/08/2005,2005,53,709.5,5.02343027,3.659437864,25.47142857,-9.539001088
20/08/2005,2005,65,696.8921569,-4.515570817,5.139874398,35.48039216,-14.42844374
27/08/2005,2005,38,698.0363636,-18.94401456,5.223048199,36.69090909,13.76714742
03/09/2005,2005,59,698.2564103,-5.176867136,5.094917508,34.61538462,2.075363791
10/09/2005,2005,66,698.9418605,-3.101503346,5.240237546,35.75581395,-13.730494
17/09/2005,2005,50,693.6707317,-16.83199735,4.923010153,33.97560976,-1.161755523
24/09/2005,2005,71,669.2772277,-17.99375287,5.847422196,38.61386139,18.17918021
01/10/2005,2005,53,692.7534247,0.185427339,5.334165184,35.97260274,-13.26972865
08/10/2005,2005,31,660.5142857,-13.08430131,5.485802205,36.14285714,27.14420678
15/10/2005,2005,56,697.2857143,14.05990546,4.507926423,31.54545455,3.542357817
22/10/2005,2005,79,710.1769231,17.60226328,4.513286909,31.40769231,-13.51862043
29/10/2005,2005,74,678.3407407,4.083642847,3.37659046,22.68148148,7.009807046
05/11/2005,2005,63,693.7433628,11.09344989,5.779603031,39.02654867,12.55904182
12/11/2005,2005,78,699.8656716,23.65249171,4.663238824,32.29104478,-8.89439063
19/11/2005,2005,60,703.728972,14.75810108,5.056704513,35.27102804,-9.756909343
26/11/2005,2005,54,695.7777778,5.001191739,4.366057847,29.93055556,-11.36746265
03/12/2005,2005,46,686.9491525,-6.366270911,4.431468985,29.69491525,-9.916520049
10/12/2005,2005,100,628.88,-16.28279096,4.551641861,27.68,-18.97877427
17/12/2005,2005,103,623.2901786,-35.26156523,4.262381776,26.37053571,-7.248227855
24/12/2005,2005,90,616.6459627,-42.50979308,4.51683338,27.54658385,-13.94288534
31/12/2005,2005,62,625.2666667,-56.45267842,4.340987026,27.06666667,41.11945069
08/01/2006,2006,73,645.6641221,-15.33322773,5.213099577,33.22900763,30.01623693
15/01/2006,2006,62,694.338843,14.6830092,4.381494041,29.98347107,26.98843929
22/01/2006,2006,27,770.4857143,41.67144849,3.667457768,27.85714286,9.336778739
29/01/2006,2006,34,710.5890411,51.00822723,5.629734314,39.47945205,10.99001152
05/02/2006,2006,54,740.1698113,61.99823875,4.622753278,33.69811321,-12.79119391
12/02/2006,2006,28,763.8378378,49.20704485,4.791407335,35.72972973,2.451994082
19/02/2006,2006,29,738,51.65903893,5.954176022,42.875,1.802865189
26/02/2006,2006,13,762.4666667,53.46190412,2.403680189,18.86666667,-31.05854854
05/03/2006,2006,18,685.9473684,22.40335558,5.395090224,37.78947368,16.89595984
12/03/2006,2006,39,726.7169811,39.29931543,5.452835075,39.22641509,-16.50613409
19/03/2006,2006,49,660.671875,22.79318133,6.595043313,43.265625,17.62114278
26/03/2006,2006,50,688.1754386,40.41432411,5.932978941,40.45614035,-6.763339451
02/04/2006,2006,49,693.6610169,33.65098466,7.200990184,48.61016949,16.24414844
09/04/2006,2006,49,722,49.8951331,5.459332154,38.85294118,-27.20534863
16/04/2006,2006,35,657.4102564,22.68978448,3.946283684,25.48717949,14.65403109
23/04/2006,2006,51,691.0754717,37.34381557,5.694980321,37.66037736,-3.050433607
30/04/2006,2006,31,717.1714286,34.29338196,5.427087222,37.77142857,5.687137775
07/05/2006,2006,21,702.3333333,39.98051973,6.236391202,43.33333333,-11.47644956
14/05/2006,2006,55,697.53125,28.50407017,4.223774326,29.8125,19.21007671
21/05/2006,2006,28,717.6944444,47.71414688,4.511825458,32.25,-42.19697973
28/05/2006,2006,33,685.6734694,5.517167148,5.218557503,35.48979592,34.0260144
04/06/2006,2006,43,722.8461538,39.54318154,5.442081634,37.80769231,-0.585733404
11/06/2006,2006,72,721.5980392,38.95744814,4.966645927,35.46078431,8.972550824
18/06/2006,2006,31,728.7358491,47.92999896,3.960085289,28.35849057,-10.84587868
25/06/2006,2006,29,710.0645161,37.08412029,3.783641816,26.96774194,-19.68292462
02/07/2006,2006,60,688.1666667,17.40119566,4.171339711,28.32051282,-1.610594888
09/07/2006,2006,67,682.1973684,15.79060077,6.263582239,42.23684211,13.51178916
16/07/2006,2006,49,703.7285714,29.30238994,4.450736734,30.8,8.633891554
23/07/2006,2006,53,701.7419355,37.93628149,4.535965343,31.38709677,-9.481816904
30/07/2006,2006,73,673.0921053,28.45446459,3.982047453,25.81578947,6.881779015
06/08/2006,2006,37,674,35.3362436,2.611211365,15.55263158,-8.943972271
13/08/2006,2006,12,692.8571429,26.39227133,4.86821439,33.28571429,-10.14740658
20/08/2006,2006,33,639.9090909,16.24486475,2.888267841,17.93939394,-1.689527983
27/08/2006,2006,46,662.2641509,14.55533676,4.211079575,27.58490566,-3.476981394
03/09/2006,2006,73,672.2142857,11.07835537,3.859412591,25.57142857,-18.66390333
10/09/2006,2006,66,656.9032258,-7.585547956,3.86145682,24.65591398,-2.171699579
17/09/2006,2006,54,667.2621359,-9.757247534,3.893753611,25.87378641,-11.98208868
24/09/2006,2006,78,638.537037,-21.73933622,5.105619415,32.19444444,-6.872741756
01/10/2006,2006,71,625.14,-28.61207797,3.762197808,23.27,-14.12656849
08/10/2006,2006,60,626.4408602,-42.73864647,4.573651896,28.52688172,33.54518124
15/10/2006,2006,21,622.9047619,-9.193465223,5.810677863,36.04761905,19.73417965
22/10/2006,2006,99,676.3802817,10.54071443,4.137326733,27.42957746,-5.840782287
29/10/2006,2006,81,635.0754717,4.699932144,3.390737029,21.43396226,3.952050759
19/11/2006,2006,116,639.0880503,-15.92571018,4.245876692,26.61006289,1.581384703
26/11/2006,2006,76,645.1896552,-14.34432548,4.899035976,30.82758621,-6.715584774
03/12/2006,2006,97,632.0316742,-21.05991025,4.713412482,29.45701357,-19.35175839
10/12/2006,2006,96,607.8137931,-40.41166864,4.58630102,27.65517241,-8.319779555
17/12/2006,2006,97,592.2653061,-48.7314482,4.935486851,28.8707483,-21.0471918
24/12/2006,2006,97,564.0314465,-69.77864,5.566221146,31.37735849,67.92328011
31/12/2006,2006,32,635.8918919,-1.855359889,5.99147001,37.64864865,2.131656426
08/01/2007,2007,108,632.5602837,0.276296537,3.995134371,24.70212766,-16.51072934
15/01/2007,2007,65,592.3679245,-16.23443281,4.543794255,26.99056604,-7.709239592
22/01/2007,2007,89,627.4518519,-23.9436724,4.550668756,28.0962963,-6.741759153
29/01/2007,2007,73,615.5876289,-30.68543155,6.416617805,39.28865979,10.02635863
05/02/2007,2007,95,622.8865248,-20.65907292,4.812189464,29.41843972,-7.029501902
12/02/2007,2007,110,602.5192308,-27.68857483,5.209026924,30.83333333,11.74552804
19/02/2007,2007,103,622.3542857,-15.94304678,5.461498233,33.56571429,-5.233663786
26/02/2007,2007,94,610.0887574,-21.17671057,3.308831476,19.94674556,-15.52097421
05/03/2007,2007,74,598.0629921,-36.69768478,4.440510939,26.27559055,1.285726089
12/03/2007,2007,102,595.5954198,-35.41195869,5.730232896,33.77099237,-3.830199558
19/03/2007,2007,107,588.7048193,-39.24215825,6.211103586,36.38554217,1.824478344
26/03/2007,2007,125,598.1284404,-37.4176799,5.526946609,32.96330275,4.09037128
02/04/2007,2007,105,595.3863636,-33.32730862,6.76532605,39.875,4.179541073
09/04/2007,2007,99,595.7058824,-29.14776755,5.879416842,34.18954248,18.80871006
16/04/2007,2007,122,606.0292398,-10.33905749,6.362634905,37.97076023,12.26876712
23/04/2007,2007,112,605.1032864,1.929709625,7.150669986,42.43192488,11.06505698
30/04/2007,2007,122,626.686747,12.99476661,7.125915715,44.18674699,3.562667408
07/05/2007,2007,141,616.902834,16.55743401,6.32108958,38.50202429,-1.173779296
14/05/2007,2007,118,637.8644068,15.38365472,6.356039611,40.28389831,2.54123419
21/05/2007,2007,109,620.4830508,17.92488891,7.027924362,43.09322034,-13.07876467
28/05/2007,2007,128,623.2216981,4.846124233,6.592372345,40.48113208,-0.077683115
04/06/2007,2007,120,630.7263158,4.768441118,6.457499763,40.11578947,-5.366598789
11/06/2007,2007,99,609.9850746,-0.598157671,6.389938333,38.49253731,-3.021189136
18/06/2007,2007,108,625.9954955,-3.619346807,6.049657054,37.68468468,-5.116653477
25/06/2007,2007,137,615.5748031,-8.736000284,6.14600927,37.36220472,-11.25837675
02/07/2007,2007,90,615.3359375,-19.99437704,6.637605691,40.3359375,-9.552349124
09/07/2007,2007,86,587.6328125,-29.54672616,6.404748602,36.96875,2.284257738
16/07/2007,2007,124,592.3093525,-27.26246842,6.94960098,40.76258993,-6.131782107
23/07/2007,2007,120,577.6166667,-33.39425053,6.119965559,35.03333333,-8.208075063
30/07/2007,2007,116,572.3642384,-41.60232559,6.626228839,37.54966887,-3.883661704
06/08/2007,2007,118,573.3349282,-45.4859873,7.661174625,43.4784689,-6.026017232
13/08/2007,2007,118,566.347032,-51.51200453,7.415084813,41.73515982,6.139354462
20/08/2007,2007,116,566.1266968,-45.37265007,6.681969529,37.77375566,1.353282706
27/08/2007,2007,67,560.3846154,-44.01936736,6.606865126,37.23076923,-11.06051858
03/09/2007,2007,123,571.3041237,-55.07988594,8.145022633,46.29896907,8.080345953
10/09/2007,2007,111,575.5641026,-46.99953999,7.085920573,40.45128205,-1.098631072
17/09/2007,2007,130,562.0973451,-48.09817106,6.941063674,38.61946903,1.062560795
24/09/2007,2007,141,572.8560886,-47.03561026,6.898394759,39.28413284,6.407705007
01/10/2007,2007,131,579.4947368,-40.62790526,6.386102877,36.56315789,12.54487688
08/10/2007,2007,47,599.6923077,-28.08302838,8.232371646,49.06153846,46.92449497
15/10/2007,2007,39,620.8717949,18.8414666,5.30781468,32.56410256,6.525632371
22/10/2007,2007,37,611.4375,25.36709897,5.10595641,30.41666667,13.349249
29/10/2007,2007,36,639.1666667,38.71634796,5.236824554,33.45238095,8.200468758
05/11/2007,2007,40,661.983871,46.91681672,5.652135375,36.87096774,-12.43600555
12/11/2007,2007,49,636.1395349,34.48081117,6.507244336,40.94186047,4.136411559
19/11/2007,2007,43,649.5764706,38.61722273,6.791492973,43.57647059,7.200272112
26/11/2007,2007,33,653.9512195,45.81749484,3.713440227,23.6097561,-2.551956506
03/12/2007,2007,31,650.3809524,43.26553834,3.766733689,23.61904762,-5.80635322
10/12/2007,2007,37,649.4868421,37.45918512,6.466997974,41.44736842,22.97941965
17/12/2007,2007,40,689.7333333,60.43860477,5.656670378,38.65333333,0.196297068
24/12/2007,2007,29,713.1176471,60.63490184,3.579600282,25.07058824,31.74728543
31/12/2007,2007,27,727.25,92.38218726,2.642267116,18.77083333,-16.41134329
08/01/2008,2008,34,686.0142857,75.97084397,3.234509025,21.61428571,-4.000417614
15/01/2008,2008,22,699.25,71.97042636,4.225735374,29.44444444,-0.057679795
22/01/2008,2008,25,686.0731707,71.91274657,3.597041937,24.07317073,-13.67663999
29/01/2008,2008,37,689.7352941,58.23610657,4.70545584,31.73529412,-5.668220487
05/02/2008,2008,36,686.5072464,52.56788609,4.473506946,30.2173913,-1.018334637
12/02/2008,2008,28,690.9111111,51.54955145,5.172887895,35.13333333,-28.84170334
19/02/2008,2008,42,672.6219512,22.70784811,3.577455042,23.64634146,-0.95899495
26/02/2008,2008,30,650.4509804,21.74885316,5.29984042,33.54901961,-15.69332964
04/03/2008,2008,36,630.6625,6.055523521,3.094481777,19.0125,-3.344201752
11/03/2008,2008,31,642.8305085,2.711321769,4.621971524,29.81355932,7.23853167
18/03/2008,2008,30,649.6078431,9.949853438,5.536747692,35.05882353,1.546890191
25/03/2008,2008,46,646,11.49674363,5.288764947,34.08108108,-6.710102782
01/04/2008,2008,50,627.5315315,4.786640847,5.569954417,34.43243243,6.945491206
08/04/2008,2008,54,655.254386,11.73213205,5.410693459,35.0877193,-1.837335286
15/04/2008,2008,37,646.2753623,9.894796767,5.707486968,36.56521739,-3.328536076
22/04/2008,2008,30,675.8461538,6.566260691,5.495109394,36.71794872,0.313548035
29/04/2008,2008,47,674.8157895,6.879808726,5.386159422,35.76315789,1.498775824
06/05/2008,2008,35,650.525,8.37858455,5.258785527,33.65,15.46541319
13/05/2008,2008,42,675.2156863,23.84399774,6.760573514,45.62745098,17.54791946
20/05/2008,2008,17,694.7058824,41.39191721,4.919652841,34.41176471,-15.22988519
27/05/2008,2008,13,655.2380952,26.16203202,5.319140662,34.33333333,24.18383764
03/06/2008,2008,19,677.3684211,50.34586966,6.072542198,40.73684211,-17.19017638
10/06/2008,2008,18,669.5,33.15569328,5.269752121,34.94444444,25.15301697
17/06/2008,2008,24,709.0294118,58.30871025,3.839609722,26.70588235,-10.51739384
24/06/2008,2008,27,734.4117647,47.79131641,5.137432688,37.91176471,18.16713837
01/07/2008,2008,25,732.5517241,65.95845479,5.328907646,38.20689655,13.65245442
08/07/2008,2008,28,729.4722222,79.6109092,4.629191524,32.83333333,-20.85952877
15/07/2008,2008,35,732.1346154,58.75138043,3.678394749,26.57692308,-18.55320053
22/07/2008,2008,29,755.4615385,40.1981799,4.606965388,34.34615385,15.16725339
29/07/2008,2008,31,727.3965517,55.3654333,3.970544892,28.63793103,-11.83691201
05/08/2008,2008,38,735.9310345,43.52852128,4.429965118,31.88505747,-12.30100071
12/08/2008,2008,30,721.3777778,31.22752058,4.892904985,35.17777778,4.737310132
19/08/2008,2008,27,725.3809524,35.96483071,4.967161658,35.21428571,-3.876361087
26/08/2008,2008,24,714.3870968,32.08846962,5.899298273,40.74193548,-7.222212339
02/09/2008,2008,5,690.7142857,24.86625728,5.009518022,34.85714286,-16.9995114
09/09/2008,2008,25,704.2678571,7.866745885,4.623862331,31.89285714,1.069529087
16/09/2008,2008,23,705.6944444,8.936274972,5.408998247,38.11111111,-5.415739622
23/09/2008,2008,25,706.6304348,3.52053535,4.819907305,33.47826087,-3.538751861
30/09/2008,2008,24,688.6393443,-0.018216511,4.75245017,32.01639344,-5.544927315
07/10/2008,2008,42,680.407767,-5.563143826,5.412654308,36.53398058,1.899843544
14/10/2008,2008,37,696.5794393,-3.663300282,4.586899311,31.61682243,-12.90692546
21/10/2008,2008,33,688.9722222,-16.57022574,5.395463575,36.94444444,-2.735928701
28/10/2008,2008,25,670.953125,-19.30615444,4.488488128,29.828125,31.94023185
04/11/2008,2008,12,717.6190476,12.63407741,5.070870474,35.71428571,-5.172175804
11/11/2008,2008,12,700.8125,7.461901609,3.91740275,26.625,-4.155854717
18/11/2008,2008,17,694.5714286,3.306046892,4.727558592,31.75,-20.43538406
25/11/2008,2008,11,611,-17.12933717,7.478717757,42.22222222,26.43892068
02/12/2008,2008,10,722.4545455,9.30958351,4.999522079,34.36363636,24.68904883
09/12/2008,2008,20,746.025641,33.99863234,3.758717957,27.82051282,-28.77067454
16/12/2008,2008,17,696.5263158,5.227957802,5.256616583,35.52631579,0.429055726
23/12/2008,2008,26,696.6486486,5.657013528,4.284935008,28.75675676,-14.78512184
30/12/2008,2008,28,689.6304348,-9.128108313,4.05299658,27.67391304,-21.32411399
08/01/2009,2009,41,649.0204082,-30.4522223,4.913587326,31.48979592,29.03696351
15/01/2009,2009,23,661.6956522,-1.415258792,3.927306087,25.43478261,24.51932585
22/01/2009,2009,39,691.8194444,23.10406706,3.001343387,20.36111111,10.28298394
29/01/2009,2009,33,688.0188679,33.387051,4.186510965,28.39622642,-9.283424893
05/02/2009,2009,34,679.3076923,24.10362611,4.730368563,32.15384615,-7.299263954
12/02/2009,2009,45,656.4761905,16.80436215,5.117406272,32.46428571,-7.848434339
19/02/2009,2009,40,646.3181818,8.955927812,3.871879121,24.65151515,3.980146658
26/02/2009,2009,33,640.2622951,12.93607447,5.906641704,37.93442623,-7.496212092
05/03/2009,2009,45,643.6444444,5.439862378,4.704173492,29.74444444,4.425299912
12/03/2009,2009,50,664.7264151,9.86516229,4.547592088,30.19811321,-0.302160903
19/03/2009,2009,38,641.0142857,9.563001388,4.60219852,28.94285714,4.161010069
26/03/2009,2009,54,680.5590551,13.72401146,5.152294903,34.96850394,-2.868407428
02/04/2009,2009,50,680.6857143,10.85560403,5.087882602,34.42857143,-2.473910413
09/04/2009,2009,61,659.8062016,8.381693616,4.947987803,32.00775194,-19.10456382
16/04/2009,2009,57,660.0408163,-10.72287021,4.784473985,31.57142857,-3.475226497
23/04/2009,2009,67,648.6637168,-14.1980967,4.668194078,30.2300885,5.618593327
30/04/2009,2009,50,643.9156627,-8.579503376,6.027048004,38.98795181,8.220607105
07/05/2009,2009,54,664.8265306,-0.358896271,5.495795228,36.31632653,-2.041578561
14/05/2009,2009,55,659.2975207,-2.400474831,5.117365756,33.72727273,-7.018707092
21/05/2009,2009,61,655.953125,-9.419181923,5.879668626,38.359375,-3.271990206
28/05/2009,2009,57,658.2318841,-12.69117213,6.02516694,39.50724638,-2.197909252
04/06/2009,2009,62,660.6460177,-14.88908138,5.798413068,38.49557522,3.980316335
11/06/2009,2009,72,654.9661017,-10.90876505,5.722427087,37.09322034,-1.669112677
18/06/2009,2009,79,665.601227,-12.57787772,6.280467011,41.61349693,-7.380894289
25/06/2009,2009,60,647.4098361,-19.95877201,7.771024616,49.83606557,19.06975021
02/07/2009,2009,60,683.5172414,-0.889021805,6.466716948,43.55172414,7.088093538
09/07/2009,2009,71,685.1559633,6.199071733,6.250670939,42.18348624,-7.194265818
16/07/2009,2009,40,672.5,-0.995194085,5.272289677,35.61666667,-0.310624023
23/07/2009,2009,51,676.1756757,-1.305818108,5.201857938,34.82432432,2.407589522
30/07/2009,2009,53,676.9866667,1.101771414,5.233174708,35.08,-1.960067103
06/08/2009,2009,44,668.691358,-0.858295688,5.242188238,34.80246914,-5.46556059
13/08/2009,2009,49,663.5227273,-6.323856278,5.20069535,34.40909091,-4.3194448
20/08/2009,2009,42,651.6707317,-10.64330108,4.310030815,27.74390244,-9.224315052
27/08/2009,2009,60,631.8602941,-19.86761613,5.3693684,33.94117647,-0.948746826
03/09/2009,2009,53,632.0267857,-20.81636296,5.126700928,32.05357143,-3.357627662
10/09/2009,2009,53,636.3801653,-24.17399062,5.322618705,33.78512397,-2.880843141
17/09/2009,2009,52,635.2434783,-27.05483376,5.780447717,36.37391304,-7.608162532
24/09/2009,2009,64,608.7483871,-34.66299629,4.789354722,29.23870968,0.231313763
01/10/2009,2009,60,622.9225806,-34.43168253,5.748755607,35.15483871,22.79067944
08/10/2009,2009,41,650.2328767,-11.64100309,6.682751352,41.78082192,20.26889687
15/10/2009,2009,39,681.8,8.627893775,3.572556782,24.21538462,9.905855249
22/10/2009,2009,39,670.6530612,18.53374902,5.761421265,38.05102041,0.408153387
29/10/2009,2009,53,675.9051095,18.94190241,3.62595028,24.24087591,-9.93251927
05/11/2009,2009,38,698.65,9.009383141,5.562736922,38.28333333,9.175150769
12/11/2009,2009,59,667.15625,18.18453391,4.298949221,28.59375,-12.18795919
19/11/2009,2009,57,649.7640449,5.996574716,4.137448257,26.15730337,6.868461087
26/11/2009,2009,53,640.4019608,12.8650358,4.91661008,30.7745098,-22.73200698
03/12/2009,2009,64,619.9381443,-9.866971174,5.098943881,30.46391753,-13.3552804
10/12/2009,2009,62,602.5757576,-23.22225158,5.263591864,31.14393939,20.92045456
17/12/2009,2009,66,620.6845638,-2.301797019,4.71350744,28.65100671,15.75347045
24/12/2009,2009,56,638.8828829,13.45167343,3.083195788,19.54054054,-18.30265721
31/12/2009,2009,56,640.9113924,-4.850983788,4.305065339,27.49367089,9.509429525
08/01/2010,2010,42,660.3846154,4.658445736,4.021096867,26.90384615,11.29458025
15/01/2010,2010,53,671.3857143,15.95302599,5.873534088,39.24285714,6.425774425
22/01/2010,2010,58,663.2719298,22.37880042,3.880224675,25.39473684,-9.565232936
29/01/2010,2010,48,662.3289474,12.81356748,5.607872255,36.75,7.157384019
05/02/2010,2010,73,666.4253731,19.9709515,4.307781435,28.47761194,-3.739093536
12/02/2010,2010,48,662.6296296,16.23185796,4.952398882,32.01234568,-16.42554947
19/02/2010,2010,63,641.3191489,-0.193691506,3.263230214,20.84042553,4.239602826
26/02/2010,2010,78,650.1176471,4.04591132,4.160784067,26.35294118,-9.057603856
05/03/2010,2010,52,641.0535714,-5.011692535,3.538731045,22.39285714,8.998698718
12/03/2010,2010,64,626.1142857,3.987006183,5.230768756,32.27619048,-10.71308641
19/03/2010,2010,65,624.6534653,-6.726080226,4.409905735,26.55445545,4.237981155
26/03/2010,2010,60,652.8351648,-2.488099071,4.42539691,28.45054945,3.231336305
02/04/2010,2010,62,641.3010753,0.743237234,5.063950564,31.86021505,-0.72576932
09/04/2010,2010,72,654.7117117,0.017467915,5.037203841,32.61261261,5.958682054
16/04/2010,2010,90,654.026178,5.976149968,5.207099857,33.87434555,3.172613141
23/04/2010,2010,92,659.1631579,9.148763109,5.285901811,34.51052632,11.30943163
30/04/2010,2010,78,673.3703704,20.45819474,5.569023194,37.14074074,0.266116774
07/05/2010,2010,73,675.5213675,20.72431152,4.095167256,27.4017094,-15.19227227
14/05/2010,2010,101,669.2064516,5.532039241,4.226969858,27.96774194,13.02929011
21/05/2010,2010,93,673.7078652,18.56132935,6.084701634,41.12921348,14.2968335
28/05/2010,2010,71,689.6767677,32.85816286,4.155681744,28.25252525,6.596709747
04/06/2010,2010,103,692.9781421,39.4548726,4.385776392,29.71584699,-8.80230817
11/06/2010,2010,113,686.4886878,30.65256443,3.040860586,20.84162896,-10.20543011
18/06/2010,2010,83,682.0789474,20.44713433,3.885973434,25.94736842,0.333680419
25/06/2010,2010,96,688.1069182,20.78081474,4.533308962,30.94339623,-6.581021381
02/07/2010,2010,106,683.6054054,14.19979336,3.705878309,25.24324324,-1.927953966
09/07/2010,2010,107,678.7630332,12.2718394,4.428483028,29.95734597,4.684784834
16/07/2010,2010,67,691.1923077,16.95662423,4.140452066,28.13461538,-14.19884312
23/07/2010,2010,105,670.6825397,2.757781111,4.784287526,31.99470899,2.604273021
30/07/2010,2010,106,676.5980392,5.362054133,4.079147208,27.53921569,-8.533188015
06/08/2010,2010,103,670.8415301,-3.171133883,4.537329609,30.31147541,-2.8127274
13/08/2010,2010,90,672.9338235,-5.983861282,3.999194566,26.82352941,-4.631883962
20/08/2010,2010,81,668.9302326,-10.61574524,4.315510653,28.85271318,-7.921656072
27/08/2010,2010,71,662.8318584,-18.53740132,4.875443071,32.38938053,-5.671923415
03/09/2010,2010,91,653.2774194,-24.20932473,4.471361093,28.98064516,-7.481614654
10/09/2010,2010,102,638.8972603,-31.69093938,4.315824651,27.7260274,-5.557431184
17/09/2010,2010,99,635.0067114,-37.24837057,4.259942922,27.03355705,-7.469369022
24/09/2010,2010,108,616.0892857,-44.71773959,4.342918621,26.32738095,-7.962666526
01/10/2010,2010,109,611.5555556,-52.68040612,4.900008112,29.67320261,0.558527644
08/10/2010,2010,91,606.6031746,-52.12187847,4.63373753,28.21428571,31.96583533
15/10/2010,2010,80,655.1575342,-20.15604314,6.207529617,40.12328767,12.07748231
22/10/2010,2010,81,659.3157895,-8.078560831,4.527481674,29.15131579,-3.965043913
29/10/2010,2010,102,667.75625,-12.04360474,3.982048097,26.3875,-15.32462718
05/11/2010,2010,115,645.4011299,-27.36823192,3.370905188,21.65536723,-21.90099255
12/11/2010,2010,94,614.221374,-49.26922447,4.927605058,29.95419847,-7.62423897
19/11/2010,2010,108,615.9405405,-56.89346344,4.471242997,27.10810811,38.04340825
26/11/2010,2010,63,670.3017241,-18.85005519,4.681173307,30.95689655,6.184298943
03/12/2010,2010,60,662.6091954,-12.66575624,4.426230274,29.12643678,-5.725449816
10/12/2010,2010,41,652.9090909,-18.39120606,5.084538297,32.14545455,-5.803621939
17/12/2010,2010,90,649.9520958,-24.194828,5.246520235,33.74251497,8.814078804
24/12/2010,2010,112,649.75,-15.38074919,4.820748589,30.84745763,-5.68185873
31/12/2010,2010,88,639.8194444,-21.06260792,4.280356392,26.76388889,17.36008873
08/01/2011,2011,66,663.7848101,-3.702519192,6.214289463,40.64556962,10.36654562
15/01/2011,2011,61,665.9142857,6.664026431,6.292592454,41.36190476,14.1792195
22/01/2011,2011,79,679.7647059,20.84324593,5.858528877,39.47794118,10.97664072
29/01/2011,2011,85,676.0266667,31.81988665,5.406364447,35.84666667,-1.02848447
05/02/2011,2011,61,698.2788462,30.79140218,5.445042219,37.23076923,-4.548706379
12/02/2011,2011,81,686.128,26.2426958,5.368436621,36.296,5.061834965
19/02/2011,2011,100,688.3834197,31.30453077,5.294602312,35.56476684,3.729729984
26/02/2011,2011,104,685.1144068,35.03426075,4.870406378,32.34322034,-5.281413751
05/03/2011,2011,104,676.2473684,29.752847,4.650135303,30.93684211,-9.156339941
12/03/2011,2011,71,679.5855856,20.59650706,3.604471662,24.06306306,-9.920127177
19/03/2011,2011,65,653.9875,10.67637988,4.319844647,27.25,5.272048354
26/03/2011,2011,105,671.4779874,15.94842823,5.781372554,38.28301887,0.526366872
02/04/2011,2011,124,684.9810427,16.47479511,4.787042338,32.44549763,2.691742909
09/04/2011,2011,123,671.0080321,19.16653802,6.072963876,40.2248996,11.10320987
16/04/2011,2011,110,687.3411215,30.26974789,4.808122285,32.52803738,6.440364644
23/04/2011,2011,112,677.4927536,36.71011253,5.956454562,39.74879227,3.129486232
30/04/2011,2011,118,695.872807,39.83959876,5.542750676,38.06140351,-3.359290875
07/05/2011,2011,69,673.2444444,36.48030789,4.926779117,31.31111111,14.025952
14/05/2011,2011,125,705.6462264,50.50625989,5.855392498,40.77358491,6.395027872
21/05/2011,2011,103,722.3526316,56.90128776,4.759180032,34.15789474,-6.001880341
28/05/2011,2011,113,728.8969957,50.89940742,5.099588569,36.36051502,0.860591429
04/06/2011,2011,115,716.3833333,51.75999885,4.065692985,28.65555556,-7.08693893
11/06/2011,2011,96,724.5408805,44.67305992,5.110448209,36.2327044,1.307270229
18/06/2011,2011,92,712.9103448,45.98033014,5.784024281,40.52413793,5.709950627
25/06/2011,2011,83,733.5801527,51.69028077,5.316595623,39.08396947,9.018167803
02/07/2011,2011,90,721.3552632,60.70844857,4.17257216,29.38157895,-3.395335761
09/07/2011,2011,84,727.1202532,57.31311281,4.093934438,29.56962025,-12.52564211
16/07/2011,2011,85,722.3333333,44.7874707,4.501975277,32.23484848,9.347010874
23/07/2011,2011,78,735.7741935,54.13448157,4.376029479,31.84516129,-10.49016759
30/07/2011,2011,80,732.6589147,43.64431398,4.857788263,35.47286822,-3.293133897
06/08/2011,2011,55,716.0493827,40.35118009,4.20579104,29.41975309,-7.007362508
13/08/2011,2011,93,713.1976048,33.34381758,4.146014741,29.31736527,-10.7822663
20/08/2011,2011,72,703.9051724,22.56155128,3.80029411,26.45689655,-7.063165125
27/08/2011,2011,80,701.7536232,15.49838615,4.417954404,30.64492754,-0.010685775
03/09/2011,2011,92,699.2038217,15.48770038,3.833787759,26.57961783,-13.5165536
10/09/2011,2011,86,693.516129,1.971146775,3.071485619,20.98709677,-19.49513437
17/09/2011,2011,83,675.8915663,-17.52398759,4.010359332,26.80120482,-10.68358437
24/09/2011,2011,108,652.3785047,-28.20757196,3.391029727,21.97196262,-12.45529508
01/10/2011,2011,109,639.2337662,-40.66286704,3.659913061,23.17748918,-0.452236246
08/10/2011,2011,119,632.1263158,-41.11510328,3.817757394,24.07368421,-10.01769858
15/10/2011,2011,125,617.1490196,-51.13280186,3.678024939,22.32156863,38.58099064
22/10/2011,2011,107,665.7356828,-12.55181122,5.256297466,34.48898678,1.122893027
29/10/2011,2011,117,665.9404762,-11.4289182,3.527186045,23.0952381,-12.68884637
05/11/2011,2011,110,648.7485714,-24.11776457,3.326752022,21.41714286,-25.47836805
12/11/2011,2011,117,632.8086124,-49.59613262,2.877448466,18.41148325,-15.19634901
19/11/2011,2011,98,610.528,-64.79248163,4.274826873,25,-14.24024158
26/11/2011,2011,137,588.0779221,-79.03272322,4.743749003,27.54112554,-2.471872046
03/12/2011,2011,120,591.9135135,-81.50459526,5.15407643,29.96216216,24.20599268
10/12/2011,2011,139,591.7318182,-57.29860259,5.58812966,32.97727273,21.74454056
17/12/2011,2011,143,620.9185185,-35.55406203,5.802570805,35.4037037,26.63270692
24/12/2011,2011,134,655.7899543,-8.921355103,3.852454014,24.76255708,14.98932679
31/12/2011,2011,119,669.3253012,6.06797169,4.970083201,32.80722892,17.80358177
08/01/2012,2012,130,688.0315789,23.87155346,3.601231913,23.95263158,-8.576481192
15/01/2012,2012,126,689.4329004,15.29507227,2.673935449,17.91341991,-16.56910193
22/01/2012,2012,106,672.8843537,-1.274029658,4.170678502,27.78911565,25.60732991
29/01/2012,2012,127,682.3058824,24.33330025,4.551799645,30.55294118,-10.8197662
05/02/2012,2012,122,671.5136364,13.51353405,4.669039575,30.48636364,15.76021261
12/02/2012,2012,120,688.0630631,29.27374666,4.714511255,31.53153153,-7.641917184
19/02/2012,2012,124,670.1683168,21.63182947,5.179068104,34.0990099,-4.068332948
26/02/2012,2012,112,662.8159509,17.56349653,5.289051068,34.25153374,-9.849504891
04/03/2012,2012,121,665.7461929,7.713991635,3.158132116,20.33502538,-20.57674537
11/03/2012,2012,127,642.2904762,-12.86275373,3.486671521,21.60952381,-9.444728998
18/03/2012,2012,143,627.3836207,-22.30748273,4.949735945,30.54310345,1.048723674
25/03/2012,2012,155,633.51341,-21.25875906,5.687225946,35.62452107,-2.521167121
01/04/2012,2012,127,641.4484848,-23.77992618,6.786467305,42.84242424,29.11716943
08/04/2012,2012,141,661.186722,5.337243249,6.209162406,40.94190871,-4.075914972
15/04/2012,2012,144,654.1693989,1.261328277,6.305641869,40.87978142,0.577191737
22/04/2012,2012,175,650.0491071,1.838520014,5.965004097,38.20535714,7.760495514
29/04/2012,2012,133,660.245283,9.599015528,8.392491412,54.3836478,19.93740241
06/05/2012,2012,166,676.5217391,29.53641794,5.852439049,39.35217391,-7.575801185
13/05/2012,2012,181,670.3147541,21.96061676,4.822452629,31.96065574,-8.469101521
20/05/2012,2012,182,656.3571429,13.49151523,4.949079352,32.23214286,-5.687176802
27/05/2012,2012,149,658.995098,7.804338433,4.720325329,30.73529412,-4.415885616
03/06/2012,2012,191,660.2522255,3.388452817,5.032988244,32.90504451,-3.045313344
10/06/2012,2012,121,652.8561644,0.343139473,5.163022364,33.23287671,-0.737177805
17/06/2012,2012,137,662.7804878,-0.394038332,5.973144718,39.20487805,-8.951316526
24/06/2012,2012,134,639.8023256,-9.345354858,5.281621227,33.5872093,15.72530134
01/07/2012,2012,209,664.1671642,6.379946486,6.398724995,42.2358209,9.040547521
08/07/2012,2012,163,671.395122,15.42049401,4.920014036,32.76097561,-9.810918405
15/07/2012,2012,146,663.9285714,5.609575601,5.418369651,35.58095238,6.341179829
22/07/2012,2012,199,658.7069409,11.95075543,5.662746944,36.96658098,0.254195944
29/07/2012,2012,195,672.8511236,12.20495137,4.430121245,29.56179775,3.541200637
05/08/2012,2012,174,675.6898955,15.74615201,4.193099318,28.0174216,-8.610044841
12/08/2012,2012,144,670.1958763,7.13610717,4.82065411,31.85051546,-3.324692152
19/08/2012,2012,154,656.5970874,3.811415018,4.47062213,29.2961165,-9.775091016
26/08/2012,2012,180,640.8930818,-5.963675998,4.493251562,28.4591195,-4.901268139
02/09/2012,2012,175,629.6842105,-10.86494414,4.07437793,25.50607287,-1.273360494
09/09/2012,2012,189,632.5111111,-12.13830463,4.328938399,27.29206349,-5.622426537
16/09/2012,2012,180,616.556962,-17.76073117,4.582977029,28.12341772,-0.726609861
23/09/2012,2012,136,626.028169,-18.48734103,3.959819994,24.52112676,-8.22390913
30/09/2012,2012,120,617.1071429,-26.71125016,5.058511344,30.48214286,1.745371767
07/10/2012,2012,139,617.3706897,-24.96587839,4.134323619,25.44827586,2.371166015
14/10/2012,2012,139,628.1937173,-22.59471238,6.831904941,41.79581152,62.32896417
21/10/2012,2012,73,673.7160494,39.7342518,6.107865937,39.88888889,11.84868756
28/10/2012,2012,77,674.9285714,51.58293935,4.795332298,31.7244898,-7.781150769
04/11/2012,2012,113,671.421875,43.80178859,2.89531498,18.79166667,-26.46935497
11/11/2012,2012,101,653.3962264,17.33243361,3.517129227,22.93081761,-23.75476411
18/11/2012,2012,74,628.5058824,-6.4223305,5.428795493,33.55294118,-17.5382953
25/11/2012,2012,118,620.3133333,-23.9606258,5.18875096,31.48,-4.286490711
02/12/2012,2012,115,621.0225989,-28.24711651,4.535677341,27.69491525,3.760789121
09/12/2012,2012,126,625.4736842,-24.48632739,5.836213219,36.66985646,7.538884683
16/12/2012,2012,120,608.8277311,-16.94744271,6.318826965,38.04201681,-2.647301903
23/12/2012,2012,94,604.3432836,-19.59474461,5.805332131,35.14179104,4.478707782
30/12/2012,2012,119,625.627451,-15.11603683,4.834399843,30.29411765,-4.995893928
08/01/2013,2013,91,611.8088235,-20.11193076,4.476549883,27.10294118,19.87642922
15/01/2013,2013,95,646.5,-0.235501536,4.783370475,30.3125,-22.51658266
22/01/2013,2013,120,610.9959514,-22.7520842,5.157815093,31.29554656,-3.759207346
29/01/2013,2013,131,606.4243697,-26.51129154,3.995831148,23.55882353,-16.04162428
05/02/2013,2013,126,587.0543933,-42.55291583,4.301215184,24.78242678,-18.91512007
12/02/2013,2013,114,580.7428571,-61.4680359,4.628182225,26.21714286,-0.189313331
19/02/2013,2013,121,561.5906977,-61.65734923,5.613323294,30.58604651,10.28016104
26/02/2013,2013,127,591.0854271,-51.37718819,5.698014868,32.98492462,-14.79935422
05/03/2013,2013,131,565.1962617,-66.17654241,6.429156744,35.57943925,-4.910283661
12/03/2013,2013,148,555.5968254,-71.08682607,6.186189686,34.05079365,-13.46028905
19/03/2013,2013,133,546.4448399,-84.54711513,5.329376214,28.95017794,-9.237146519
26/03/2013,2013,115,531.8594595,-93.78426165,4.806289727,24.87567568,9.795953771
02/04/2013,2013,78,531.2389381,-83.98830787,10.80609046,56.21238938,38.78260465
09/04/2013,2013,134,581.0206612,-45.20570322,8.306130498,47.7107438,26.67185427
16/04/2013,2013,98,601.8044693,-18.53384895,6.981364916,42.26256983,11.02833688
23/04/2013,2013,57,627.3854167,-7.505512067,7.055128699,43.0625,15.66167233
30/04/2013,2013,113,644.2928177,8.156160259,5.661848958,35.8121547,-0.266909597
07/05/2013,2013,108,647.6307692,7.889250662,5.080122325,32.41025641,-6.734343076
14/05/2013,2013,120,636.3822394,1.154907585,6.371583106,39.93822394,7.956240744
21/05/2013,2013,124,652.9730769,9.111148329,5.801603686,37.20384615,-9.42903731
28/05/2013,2013,145,642.0739645,-0.31788898,5.959469149,37.93491124,2.003932168
04/06/2013,2013,121,631.3024194,1.686043187,5.798571979,35.91532258,-10.70785918
11/06/2013,2013,137,637.041958,-9.021815997,6.152648962,38.15384615,-1.285384274
18/06/2013,2013,141,634.4440789,-10.30720027,6.206472761,38.95723684,10.06324378
25/06/2013,2013,81,645.2521008,-0.243956487,6.226098844,39.29411765,1.716446795
02/07/2013,2013,90,647.3484848,1.472490308,5.411001353,34.51010101,-0.601564099
09/07/2013,2013,125,643.6615385,0.870926209,6.416674877,40.92692308,16.05799029
16/07/2013,2013,105,675.4243697,16.9289165,7.194402926,48.38235294,1.51286714
23/07/2013,2013,96,669.2679426,18.44178364,5.449941241,36.46889952,-9.600785271
30/07/2013,2013,93,654.7409091,8.840998373,5.787560306,37.63636364,-8.221247272
06/08/2013,2013,98,650.60199,0.6197511,5.556140409,35.95024876,-1.641201721
13/08/2013,2013,86,645.5666667,-1.02145062,4.96557729,31.67333333,-3.819706747
20/08/2013,2013,100,639.9180328,-4.841157368,6.425057062,40.67759563,-0.224936989
27/08/2013,2013,101,641.0794979,-5.066094357,4.857469728,30.76150628,-2.259532684
03/09/2013,2013,87,641.2417582,-7.325627041,6.214005527,39.29120879,-6.262829246
10/09/2013,2013,110,636.2897527,-13.58845629,4.711526033,29.57243816,-0.986436911
17/09/2013,2013,98,636.1470588,-14.5748932,5.205022714,32.69117647,2.396742064
24/09/2013,2013,83,630.1408451,-12.17815113,5.3199956,33.3028169,7.63501323
01/10/2013,2013,80,627.9852941,-4.543137905,4.642132176,28.78431373,-22.60234498
08/10/2013,2013,63,605.0612245,-27.14548289,4.462748596,26.52040816,-1.511259278
15/10/2013,2013,70,610.2551724,-28.65674216,4.959583517,29.94482759,69.48352907
22/10/2013,2013,59,656.5980392,40.8267869,5.571279798,36.05882353,17.14837442
29/10/2013,2013,53,684.0243902,57.97516133,4.929932483,33,0.837152798
05/11/2013,2013,55,686.7254902,58.81231412,3.857700446,26.34313725,-29.21660098
12/11/2013,2013,69,669.4011628,29.59571314,2.874423535,18.87209302,-30.25776594
19/11/2013,2013,83,644.0645161,-0.662052798,3.225401257,20.07741935,10.22420013
26/11/2013,2013,62,662.0891089,9.562147329,5.048093664,32.68316832,50.19751125
03/12/2013,2013,35,697.2222222,59.75965858,5.116631752,34.68888889,10.09361284
10/12/2013,2013,38,733.7402597,69.85327142,4.237140204,30.94805195,4.519829718
17/12/2013,2013,51,738.5473684,74.37310114,3.666495269,26.55789474,-19.96088281
24/12/2013,2013,46,716.2352941,54.41221833,3.326433458,23.32352941,-14.09778078
31/12/2013,2013,23,702.4411765,40.31443755,5.577062977,36.32352941,15.6661528
08/01/2014,2014,35,718.4468085,55.98059035,4.108848844,28.40425532,1.214354184
15/01/2014,2014,39,738.3548387,57.19494454,4.113142474,30.79032258,-15.19164639
22/01/2014,2014,37,727.8505747,42.00329814,2.455380615,17.79310345,-29.28474722
29/01/2014,2014,27,689.4444444,12.71855092,2.919061813,19.69444444,27.64405383
05/02/2014,2014,20,705.1851852,40.36260475,5.217724069,37.11111111,-5.721920004
12/02/2014,2014,29,711.3181818,34.64068474,4.48395526,31.63636364,-13.28289677
19/02/2014,2014,28,700.7272727,21.35778798,4.262890382,28.78181818,10.95131318
26/02/2014,2014,36,712.3373494,32.30910116,4.743956064,33.36144578,-3.343695203
05/03/2014,2014,27,724.5909091,28.96540596,3.913930834,28.54545455,-7.225665053
12/03/2014,2014,33,683.826087,21.7397409,4.378453373,29.36956522,19.73820512
19/03/2014,2014,22,680.6857143,41.47794602,5.605242143,37.34285714,-17.67803048
26/03/2014,2014,31,703.6842105,23.79991554,4.447062014,30.8245614,-4.70987882
02/04/2014,2014,36,689.1612903,19.09003672,5.717608366,38.69354839,-1.134702021
09/04/2014,2014,44,695.7888889,17.9553347,4.97746834,34.28888889,14.66850089
16/04/2014,2014,49,708.6744186,32.62383559,5.146005274,35.51162791,-7.97427209
23/04/2014,2014,43,709.3291139,24.6495635,4.75611885,33.55696203,8.791313885
30/04/2014,2014,55,720.300885,33.44087738,3.383697682,24.24778761,-12.3354542
07/05/2014,2014,49,709.9108911,21.10542319,3.915117448,27.63366337,-2.882433819
14/05/2014,2014,45,710.9878049,18.22298937,5.591814469,39.74390244,3.195714118
21/05/2014,2014,31,715.8275862,21.41870349,5.192106755,36.22413793,5.59502494
28/05/2014,2014,47,716.4845361,27.01372843,5.659201639,40.42268041,13.78330541
04/06/2014,2014,57,723.9,40.79703383,4.879801108,34.30714286,-17.41265353
11/06/2014,2014,50,656.5316456,23.3843803,5.040242935,30.73417722,3.10644119
18/06/2014,2014,44,706.5555556,26.49082149,4.160485474,29.17283951,5.212073842
25/06/2014,2014,45,719.9466667,31.70289534,4.926323915,35.09333333,1.223863124
02/07/2014,2014,39,723.9772727,32.92675846,5.657770162,40.19318182,5.806977665
09/07/2014,2014,30,717.3773585,38.73373613,5.54015822,39,-14.74161815
16/07/2014,2014,43,695.6551724,23.99211797,4.264788098,28.50574713,3.244571807
23/07/2014,2014,38,718.5633803,27.23668978,4.387240663,31.4084507,1.684562466
30/07/2014,2014,38,716.0909091,28.92125225,4.120265511,29.25454545,-1.824478536
06/08/2014,2014,40,724.1044776,27.09677371,4.710013026,33.50746269,-14.82062379
13/08/2014,2014,42,668.2537313,12.27614992,4.673682118,30.17910448,-4.021553066
20/08/2014,2014,40,690.1666667,8.254596857,4.609760909,31.11538462,-1.632368153
27/08/2014,2014,35,695.4038462,6.622228704,3.728824092,25.59615385,-8.307197567
03/09/2014,2014,33,667.12,-1.684968863,3.829458823,25.24,-3.682176434
10/09/2014,2014,31,670.6363636,-5.367145298,4.717606751,31.58181818,-7.149344396
17/09/2014,2014,33,671.8245614,-12.51648969,3.898163372,25.71929825,-0.227047824
24/09/2014,2014,38,684.7671233,-12.74353752,4.691495448,32.05479452,13.26872069
01/10/2014,2014,42,684.6923077,0.525183174,4.874599077,33.38461538,9.862068857
08/10/2014,2014,55,693.5765766,10.38725203,4.573731295,31.36036036,-14.52863294
15/10/2014,2014,48,667.9166667,-4.141380906,5.064090056,33.17592593,9.588372913
22/10/2014,2014,43,693.2254902,5.446992007,4.465822173,30.66666667,-21.20894323
29/10/2014,2014,43,676.4070796,-15.76195122,3.577341014,23.59292035,0.710753658
05/11/2014,2014,34,669.6034483,-15.05119756,5.862619112,38.9137931,18.99957036
12/11/2014,2014,41,679.6352941,3.948372801,6.491356706,43.21176471,20.45563796
19/11/2014,2014,40,707.7702703,24.40401076,6.175377232,42.97297297,9.130976536
26/11/2014,2014,34,720.5647059,33.5349873,4.949431993,35.36470588,-16.1676619
03/12/2014,2014,33,664.6557377,17.3673254,4.133879023,26.27868852,-20.38203823
10/12/2014,2014,31,672.7971014,-3.014712827,4.518770056,29.86956522,-10.20531166
17/12/2014,2014,43,671.4714286,-13.22002449,4.233232251,28.04285714,-12.58696537
24/12/2014,2014,60,639.984127,-25.80698986,4.740080013,30.18253968,-17.14138065
31/12/2014,2014,50,644.8974359,-42.94837051,4.388027082,27.58974359,-9.64282094
08/01/2015,2015,56,618.2786885,-52.59119145,4.256980936,25.63114754,-2.165749905
15/01/2015,2015,61,615.8672566,-54.75694135,4.9614315,30.40707965,20.39612429
22/01/2015,2015,57,636.5777778,-34.36081707,5.031449344,31.5037037,-8.850890314
29/01/2015,2015,62,624.8421053,-43.21170738,5.750945264,35.79824561,47.3492678
05/02/2015,2015,49,674.2839506,4.137560415,4.89455183,32.44444444,-7.38565079
12/02/2015,2015,50,664.9736842,-3.248090375,3.62667175,24.01315789,-12.3219629
19/02/2015,2015,47,658.1466667,-15.57005328,4.453053344,29.21333333,-7.39897195
26/02/2015,2015,67,644.6062992,-22.96902523,4.579892982,28.93700787,2.81443219
05/03/2015,2015,58,622.7156863,-20.15459304,5.150664509,31.3627451,-5.017498557
12/03/2015,2015,62,624.557377,-25.17209159,6.149223419,37.32786885,1.968051698
19/03/2015,2015,69,621.7421384,-23.20403989,4.760334828,28.96226415,6.198540454
26/03/2015,2015,73,634.3757962,-17.00549944,6.131183194,38.44585987,31.64312803
02/04/2015,2015,61,664.9495798,14.63762859,5.798498793,38.36134454,8.287254078
09/04/2015,2015,44,674.2432432,22.92488267,6.315816632,42.21621622,14.38993739
16/04/2015,2015,63,682.6466165,37.31482006,6.288835672,42.36090226,3.897678271
23/04/2015,2015,79,696.7740113,41.21249833,5.482589394,37.71751412,1.421341811
30/04/2015,2015,68,693.3835616,42.63384014,5.02178396,34.30136986,-2.318293245
07/05/2015,2015,86,689.2560976,40.31554689,4.733160808,32.18292683,0.495014582
14/05/2015,2015,83,692.3396226,40.81056147,4.25041555,29.20125786,2.989836877
21/05/2015,2015,71,693.1792453,43.80039835,3.618760141,24.71698113,-2.241725483
28/05/2015,2015,100,687.2786885,41.55867287,4.054562132,27.49726776,-10.22768527
04/06/2015,2015,92,673.1756757,31.3309876,4.377628134,28.5,4.611795585
11/06/2015,2015,66,696.3275862,35.94278318,4.39797787,30.03448276,-10.14461609
18/06/2015,2015,79,681.5078125,25.79816709,4.624277569,31.1171875,-5.856502421
25/06/2015,2015,72,680.4330709,19.94166467,4.293512381,28.85826772,-19.84638572
02/07/2015,2015,70,651.8061224,0.09527895,4.636754669,29.91836735,3.082962107
09/07/2015,2015,56,656.0875,3.178241057,5.524573756,35.9375,16.08180342
16/07/2015,2015,53,677.106383,19.26004448,4.572961683,30.81914894,12.08590943
23/07/2015,2015,58,684.23,31.34595391,4.119268257,27.88,-14.41795677
30/07/2015,2015,66,676.1081081,16.92799714,4.617064704,30.97297297,1.130423925
06/08/2015,2015,66,668.7368421,18.05842106,5.008073889,32.87218045,0.405098105
13/08/2015,2015,67,662.8292683,18.46351916,3.468330753,22.78861789,0.967920396
20/08/2015,2015,62,674.6356589,19.43143956,3.409339702,22.68992248,-7.931069424
27/08/2015,2015,59,673.7113402,11.50037014,3.75908787,24.79381443,0.645413531
03/09/2015,2015,45,662.5972222,12.14578367,3.814501375,24.55555556,-4.187428453
10/09/2015,2015,65,669.9159664,7.958355215,3.764715876,24.7394958,-5.758309226
17/09/2015,2015,70,639.469697,2.200045989,4.076197763,25.45454545,-10.90534219
24/09/2015,2015,60,634.7234043,-8.705296205,4.821811977,30.43617021,7.296964107
01/10/2015,2015,66,649.5909091,-1.408332098,5.188586787,33.45454545,23.34075081
08/10/2015,2015,60,666.3255814,21.93241871,6.055961943,39,25.10290028
15/10/2015,2015,49,682.1555556,47.03531899,4.282729271,28.51111111,-2.195241449
22/10/2015,2015,49,678.4782609,44.84007754,3.798437919,25.42028986,-18.24696841
29/10/2015,2015,76,668.9824561,26.59310913,4.049319208,26.95906433,-11.97775339
05/11/2015,2015,77,647.6046512,14.61535574,4.01242802,25.47286822,0.053640619
12/11/2015,2015,82,645.4093567,14.66899636,3.470932992,21.74269006,-31.92155894
19/11/2015,2015,84,633.9441341,-17.25256258,3.863249191,24.41899441,-16.4343113
26/11/2015,2015,96,605.258427,-33.68687388,3.118995703,18.65730337,-22.72250501
03/12/2015,2015,97,575.9740933,-56.40937889,3.171503755,17.7357513,-13.01038341
10/12/2015,2015,76,565.1151079,-69.4197623,4.17058433,23,-8.450094402
17/12/2015,2015,95,539.9162011,-77.8698567,4.05171582,21.63128492,-13.31192873
24/12/2015,2015,87,537.3144654,-91.18178543,3.204803161,17.09433962,-23.55489517
31/12/2015,2015,78,517.9237288,-114.7366806,3.849650698,19.43220339,-8.488406841
08/01/2016,2016,66,500.9518072,-123.2250874,3.318830447,16.36144578,-7.636278278
15/01/2016,2016,72,506.5420561,-130.8613657,3.730000089,18.68224299,1.494020429
22/01/2016,2016,53,510.6176471,-129.3673453,7.187703016,37.10294118,66.82333781
29/01/2016,2016,70,576.6387097,-62.54400748,7.263542998,40.52258065,43.15514558
05/02/2016,2016,58,621.8,-19.3888619,5.37997646,32.47058824,37.72869533
12/02/2016,2016,47,673.8369565,18.33983343,4.543163447,30.09782609,-0.716923261
19/02/2016,2016,63,672.2567568,17.62291017,3.523774877,23.02027027,-24.63240409
26/02/2016,2016,60,644.773913,-7.009493924,4.477053628,28.6,-13.15793194
04/03/2016,2016,57,630.0381679,-20.16742586,4.708622879,29.22900763,1.733415706
11/03/2016,2016,51,622.9568966,-18.43401015,6.147760215,37.6637931,0.871223807
18/03/2016,2016,38,605.7945205,-17.56278635,5.258952929,31.82191781,16.64230765
25/03/2016,2016,42,614.9753086,-0.920478692,6.072556882,37.35802469,-4.968278681
01/04/2016,2016,36,634.3676471,-5.888757373,7.950304765,49.83823529,3.249597552
08/04/2016,2016,32,631,-2.639159821,7.608735304,47.8,1.726612002
15/04/2016,2016,29,665.9152542,-0.912547819,8.894988882,58.59322034,25.447111
22/04/2016,2016,26,682.3703704,24.53456318,7.137540899,47.92592593,32.52134339
29/04/2016,2016,17,711.1666667,57.05590657,8.196573447,57.41666667,2.238077606
06/05/2016,2016,25,697.6,59.29398418,6.304958553,43.42222222,-10.57091145
13/05/2016,2016,15,659.4444444,48.72307273,6.638206982,44.07407407,-2.458194496
20/05/2016,2016,28,695.4468085,46.26487823,8.963675004,61.89361702,10.42144607
27/05/2016,2016,27,685.6190476,56.68632431,7.958592215,54.19047619,-12.52072363
03/06/2016,2016,26,685.875,44.16560067,6.260314355,43.375,17.93630804
10/06/2016,2016,22,714.6229508,62.10190872,6.710367222,47.81967213,-5.177305838
17/06/2016,2016,21,704.4318182,56.92460288,5.948153357,41.06818182,-19.52084195
24/06/2016,2016,14,690.4444444,37.40376093,5.211635197,36.48148148,-0.568398501
01/07/2016,2016,20,684.8717949,36.83536243,4.789797582,32.58974359,-2.462691939
08/07/2016,2016,21,650.5869565,34.37267049,4.707032595,29.86956522,8.146333491
15/07/2016,2016,21,683.4186047,42.51900398,4.785206947,33.30232558,21.00246508
22/07/2016,2016,23,721.0227273,63.52146905,3.646352955,26.5,-10.17782708
29/07/2016,2016,20,747.3666667,53.34364198,4.046399571,29.8,-29.00420519
05/08/2016,2016,19,678.8333333,24.33943679,4.807474771,30.375,24.52711722
12/08/2016,2016,20,712.6538462,48.86655401,4.072627617,28.07692308,-16.08516331
19/08/2016,2016,18,691.6296296,32.78139069,5.443998216,36.92592593,-0.298461353
26/08/2016,2016,14,710.5185185,32.48292934,3.926957972,26.77777778,-6.452014102
02/09/2016,2016,17,690.8857143,26.03091524,4.87503674,33.37142857,-4.375547926
09/09/2016,2016,21,688.1351351,21.65536731,4.225991158,28.54054054,0.435734585
16/09/2016,2016,21,693.9583333,22.0911019,4.714763809,32.54166667,17.6509943
23/09/2016,2016,18,708.6818182,39.7420962,4.589350934,32.18181818,-27.87046346
30/09/2016,2016,22,685.902439,11.87163275,3.775504479,25.36585366,-6.231148387
07/10/2016,2016,21,682.6097561,5.640484359,5.356008669,35.12195122,8.078024364
14/10/2016,2016,22,695.0851064,13.71850872,4.608563385,31.4893617,10.35631254
21/10/2016,2016,27,705.8644068,24.07482126,3.779032788,25.98305085,2.053287768
28/10/2016,2016,29,702.7538462,26.12810903,2.946572367,20.44615385,-6.340437592
04/11/2016,2016,34,681.1685393,19.78767144,1.849227492,12.74157303,-10.58059901
11/11/2016,2016,32,687.7948718,9.207072425,2.800236173,19.01282051,-26.42978573
18/11/2016,2016,27,636.7368421,-17.2227133,2.936834538,18.56140351,1.203290058
25/11/2016,2016,26,655.5666667,-16.01942324,3.929301203,24.83333333,13.74513786
02/12/2016,2016,21,675.2222222,-2.274285386,3.577951036,24.02222222,-2.58508034
09/12/2016,2016,23,658.72,-4.859365726,3.365165332,21.66,-11.13053665
16/12/2016,2016,22,670.1842105,-15.98990237,3.776273285,25.31578947,11.57971437
23/12/2016,2016,25,690.2,-4.410188005,3.907015016,25.925,-5.681034793
30/12/2016,2016,21,665.5945946,-10.0912228,2.123103735,13.64864865,5.641394059
08/01/2017,2017,19,597.34375,-4.449828739,5.472014191,29.9375,23.26443321
15/01/2017,2017,21,622.5,18.81460447,4.264388375,25.23333333,7.717541594
22/01/2017,2017,22,640.5319149,26.53214606,4.509082199,27.12765957,-0.722065092
29/01/2017,2017,16,615.4333333,25.81008097,4.597172464,23.9,6.940570592
05/02/2017,2017,15,609.5277778,32.75065156,3.214721311,17.80555556,-5.03838733
12/02/2017,2017,19,644.1428571,27.71226423,4.922244113,30.07142857,3.413650759
19/02/2017,2017,16,595.0571429,31.12591499,6.677960497,36.77142857,-9.863596593
26/02/2017,2017,17,621.9666667,21.2623184,6.78709785,40.06666667,-4.257722217
05/03/2017,2017,20,627.8,17.00459618,5.926573362,36.05714286,9.011257124
12/03/2017,2017,17,644.2368421,26.01585331,4.528876438,28.52631579,-9.230602654
19/03/2017,2017,23,604.195122,16.78525065,4.903164334,26.92682927,-1.631837371
26/03/2017,2017,12,664.7619048,15.15341328,3.142939681,19.14285714,-15.85461858
02/04/2017,2017,13,634,-0.701205298,3.35975337,21.42857143,-3.889993224
09/04/2017,2017,20,606.925,-4.591198522,2.956121106,17.075,7.628117685
16/04/2017,2017,16,626.1428571,3.036919163,6.667565086,41.25,20.33377973
23/04/2017,2017,24,672.8163265,23.3706989,7.484606261,49.12244898,4.33021094
30/04/2017,2017,22,709.6666667,27.70090983,5.850463966,41.74509804,-0.887863234
07/05/2017,2017,29,695.1081081,26.8130466,4.75492529,32.83783784,-8.035785925
14/05/2017,2017,27,639.7254902,18.77726068,4.926807731,31.25490196,10.92244601
21/05/2017,2017,28,685.4509804,29.69970668,4.791788955,32.52941176,-4.730670569
28/05/2017,2017,33,646.1232877,24.96903611,4.771867277,30.15068493,0.243285123
04/06/2017,2017,27,672.515625,25.21232124,4.362843478,28,-4.19095162
11/06/2017,2017,27,663.8307692,21.02136962,4.064527433,25.63076923,7.85652738
18/06/2017,2017,28,686.6701031,28.877897,3.666973399,25.16494845,-2.040953747
25/06/2017,2017,31,694.9555556,26.83694325,4.951665158,34.34444444,1.727021471
02/07/2017,2017,28,696.6986301,28.56396472,4.207807019,29.28767123,-4.827078042
09/07/2017,2017,27,688.9135802,23.73688668,4.29185498,29.7037037,-15.39607018
16/07/2017,2017,28,673.3837209,8.340816504,4.450010279,29.6627907,-4.844264905
23/07/2017,2017,26,672.2463768,3.496551599,4.145658927,27.49275362,-2.374821354
30/07/2017,2017,30,666.4166667,1.121730245,3.911093036,25.60714286,-7.278095348
06/08/2017,2017,34,655.7088608,-6.156365103,4.597655901,29.49367089,-6.040906472
13/08/2017,2017,33,633.2467532,-12.19727157,4.06969666,25.01298701,-2.691177115
20/08/2017,2017,34,648.8105263,-14.88844869,3.897591955,24.95789474,-6.129258967
27/08/2017,2017,33,645.0196078,-21.01770766,4.327401532,27.49019608,-6.502119286
03/09/2017,2017,30,636.630137,-27.51982694,3.940458289,24.69863014,-9.4017375
10/09/2017,2017,43,624.0659341,-36.92156444,3.140780158,19.1978022,-5.888341114
17/09/2017,2017,42,634.7906977,-42.80990556,2.757903272,17.19767442,-8.085289189
24/09/2017,2017,32,614.3882353,-50.89519474,4.226499568,25.63529412,-8.544808655
01/10/2017,2017,31,610.2461538,-59.4400034,3.693687249,21.84615385,18.54777303
08/10/2017,2017,23,627.0612245,-40.89223037,8.937481111,55.55102041,55.78761453
15/10/2017,2017,16,693.7857143,14.89538416,6.709722588,45.67857143,17.06313959
22/10/2017,2017,27,711.3023256,31.95852375,3.714660054,26.1627907,-13.10607488
29/10/2017,2017,19,698.84,18.85244887,2.820687681,19.76,-4.149119882
05/11/2017,2017,21,686.1463415,14.70332899,3.09785744,21.7804878,-27.63846267
12/11/2017,2017,26,663.4339623,-12.93513368,2.375840762,15.8490566,-17.37004936
19/11/2017,2017,17,646.3548387,-30.30518304,4.213344868,26.61290323,-5.041868845
26/11/2017,2017,32,632.4927536,-35.34705188,3.329840098,20.68115942,-27.89637251
03/12/2017,2017,26,607.6545455,-63.24342439,3.071218071,18.23636364,-25.45871578
10/12/2017,2017,17,575.5185185,-88.70214016,8.390082866,47.07407407,49.27044888
17/12/2017,2017,31,610.3571429,-39.43169128,3.967830074,24.0952381,26.75273464
24/12/2017,2017,23,629.7619048,-12.67895664,5.98841071,36.02380952,3.045237744
31/12/2017,2017,19,654.5333333,-9.633718894,2.477920654,16.06666667,-14.05432486
08/01/2018,2018,26,621.6571429,-23.68804376,3.42335085,21.08571429,-7.073525693
15/01/2018,2018,43,615.375,-30.76156945,3.413246598,20.79166667,-16.58207694
22/01/2018,2018,27,591.8703704,-47.34364639,2.933342025,17.07407407,16.40053147
29/01/2018,2018,45,613,-30.94311492,3.286633411,20.075,-24.92055826
05/02/2018,2018,27,609.6571429,-55.86367318,5.107847349,31.22857143,-12.74064861
12/02/2018,2018,33,575.6666667,-68.60432179,4.67926692,27.51111111,43.29634543
19/02/2018,2018,29,591.0196078,-25.30797636,7.418233113,42.37254902,27.05764921
26/02/2018,2018,33,637.7115385,1.749672849,4.394758421,27.84615385,-7.053057498
05/03/2018,2018,33,623.5964912,-5.30338465,3.968654273,24.71929825,3.466581339
12/03/2018,2018,49,618.9195402,-1.83680331,4.033365142,24.47126437,2.17713214
19/03/2018,2018,39,622.6428571,0.34032883,6.021221396,37.1,1.315963078
26/03/2018,2018,30,632.4146341,1.656291908,8.520646078,53.3902439,-2.309114098
02/04/2018,2018,24,662.8181818,-0.652822191,6.707038103,44.51515152,21.27856994
09/04/2018,2018,26,664.0882353,20.62574775,6.511295792,42.58823529,-14.03003343
16/04/2018,2018,18,669.75,6.595714319,7.26521403,48.03571429,5.460299237
23/04/2018,2018,24,661.3636364,12.05601356,7.930039623,51.57575758,22.49029335
30/04/2018,2018,37,671.8,34.5463069,6.045144583,39.98461538,-3.085199017
07/05/2018,2018,18,689,31.46110789,7.246940029,49.76190476,17.08718003
14/05/2018,2018,24,699.673913,48.54828792,5.174615417,35.2826087,-5.484004111
21/05/2018,2018,18,685.6428571,43.06428381,3.816209042,25.92857143,12.37943062
28/05/2018,2018,38,701.8571429,55.44371443,5.355796228,37.47619048,6.223263065
04/06/2018,2018,40,692.484375,61.66697749,5.329497277,36.328125,-32.25863371
11/06/2018,2018,25,686.8888889,29.40834378,5.142147352,34.91111111,-2.441044715
18/06/2018,2018,43,668.744186,26.96729906,4.927532245,32.3255814,-3.563040228
25/06/2018,2018,55,663.5673077,23.40425883,4.873116942,32.22115385,-13.26229086
02/07/2018,2018,42,655.6065574,10.14196797,5.178460742,33.6557377,-8.158929898
09/07/2018,2018,46,631.7654321,1.983038076,4.834492385,30.13580247,1.653256753
16/07/2018,2018,38,659.234375,3.636294829,4.909125234,32.640625,-8.777910084
23/07/2018,2018,41,606.0816327,-5.141615255,4.154953946,24.34693878,-8.026898106
30/07/2018,2018,55,619.8429752,-13.16851336,4.809400639,29.49586777,-7.227391832
06/08/2018,2018,39,637.546875,-20.39590519,5.065280515,32.046875,1.159705908
13/08/2018,2018,48,628.8285714,-19.23619929,5.78761074,36.34285714,-7.037624088
20/08/2018,2018,54,615.4369748,-26.27382337,4.928714696,29.78151261,-3.187633405
27/08/2018,2018,46,613.9318182,-29.46145678,4.178648207,25.69318182,-13.95842811
03/09/2018,2018,53,602.4191176,-43.41988489,4.009932563,23.94117647,-0.235185978
10/09/2018,2018,57,602.5909091,-43.65507087,4.25057998,25.78409091,-7.365028525
17/09/2018,2018,54,606.0681818,-51.02009939,3.782321561,22.91666667,2.77810974
24/09/2018,2018,47,613.7714286,-48.24198965,3.388138374,20.63809524,1.598909476
01/10/2018,2018,43,613.3692308,-46.64308018,3.076380119,19.21538462,0.131681768
08/10/2018,2018,49,616.1860465,-46.51139841,3.609234988,22.27906977,-9.043724489
15/10/2018,2018,43,598.2142857,-55.5551229,2.987456494,18.01020408,22.54771389
22/10/2018,2018,56,615.1311475,-33.007409,5.1028422,30.09836066,51.9931206
29/10/2018,2018,41,679.2650602,18.9857116,5.534533074,37.34939759,35.80287447
05/11/2018,2018,34,712.6724138,54.78858607,4.802027847,33.84482759,5.075834907
12/11/2018,2018,38,727.9402985,59.86442097,3.37473913,24.01492537,-19.27956114
19/11/2018,2018,46,684.0825688,40.58485983,1.605887554,10.66972477,-45.90267806
26/11/2018,2018,45,648.5581395,-5.317818231,2.431746803,15.56589147,13.29154644
03/12/2018,2018,30,659.509434,7.97372821,5.244174364,33.56603774,42.67755001
10/12/2018,2018,31,690.7777778,50.65127822,5.164356456,34.86111111,8.114910227
17/12/2018,2018,25,724.2105263,58.76618844,3.065672551,22.07894737,-32.26620248
24/12/2018,2018,38,676.6075949,26.49998597,2.901316164,19.29113924,-30.36955266
31/12/2018,2018,33,667.9855072,-3.869566695,3.899424387,25.85507246,-9.015362148
08/01/2019,2019,26,659.7391304,-12.88492884,2.791297479,17.97826087,-0.613232111
15/01/2019,2019,37,650.3225806,-13.49816095,3.535327687,22.30107527,-21.05821912
22/01/2019,2019,35,633.6527778,-34.55638008,3.44601694,21.54166667,-28.86967002
29/01/2019,2019,25,619.1707317,-63.4260501,2.929265974,18.07317073,22.26161854
05/02/2019,2019,28,612.5588235,-41.16443156,6.444745062,38.76470588,27.02344179
12/02/2019,2019,23,646.6744186,-14.14098977,4.702416009,28.74418605,28.23033102
19/02/2019,2019,30,671.8723404,14.08934125,5.02095902,33.43617021,3.682462474
26/02/2019,2019,27,696.7241379,17.77180373,4.65386667,31.70689655,17.8411182
05/03/2019,2019,30,708.3289474,35.61292193,4.08319772,28.28947368,-23.21946861
12/03/2019,2019,23,680.75,12.39345332,3.656405618,24.42647059,-0.745693499
19/03/2019,2019,28,664.0704225,11.64775982,4.95319773,32.16901408,3.179123994
26/03/2019,2019,28,665.22,14.82688381,4.574624038,29.58,-0.285545167
02/04/2019,2019,28,667.8222222,14.54133865,3.513596492,22.86666667,-4.041803302
09/04/2019,2019,13,703.4285714,10.49953534,3.091493786,21.85714286,-6.82280962
16/04/2019,2019,23,660.2884615,3.676725723,3.764838971,24.82692308,-11.96730648
23/04/2019,2019,28,647.037037,-8.290580759,4.4157682,27.85185185,2.926789866
30/04/2019,2019,27,644.59375,-5.363790893,7.355850306,46.78125,23.55224217
07/05/2019,2019,35,663.3764706,18.18845128,6.650742228,43.8,7.025224183
14/05/2019,2019,31,676.1129032,25.21367546,5.873379863,38.56451613,9.992841054
21/05/2019,2019,30,672.578125,35.20651652,4.99268579,33.0625,4.771553246
28/05/2019,2019,30,674.4705882,39.97806976,4.726340625,31.8,4.818649482
04/06/2019,2019,41,676.5465116,44.79671925,4.468730998,29.37209302,-7.46977078
11/06/2019,2019,31,678.5507246,37.32694847,4.350396516,28.84057971,-6.712410898
18/06/2019,2019,45,661.7613636,30.61453757,4.228358886,27.05681818,-9.643946233
25/06/2019,2019,42,675.5617978,20.97059133,4.435357508,29.51685393,-8.029075515
02/07/2019,2019,52,660.4830508,12.94151582,3.728637399,24.61016949,-14.0795857
09/07/2019,2019,46,649.5658915,-1.138069882,4.849394249,31.09302326,-3.578300307
16/07/2019,2019,49,643.92,-4.716370189,4.365130079,27.84666667,-0.206845474
23/07/2019,2019,62,620.6713287,-4.923215663,4.878870391,28.74125874,-12.24249466
30/07/2019,2019,58,631.8961039,-17.16571033,4.290440261,26.87662338,-6.179204167
06/08/2019,2019,62,620.318408,-23.34491449,4.313267873,25.95024876,-2.182150492
13/08/2019,2019,66,618.6403941,-25.52706499,4.329099849,26.30049261,-6.656194595
20/08/2019,2019,58,626.4438202,-32.18325958,4.366012685,26.91011236,0.662597421
27/08/2019,2019,57,627.4230769,-31.52066216,4.037688466,24.93589744,-1.434866225
03/09/2019,2019,44,629.9732143,-32.95552838,3.829951668,23.69642857,-0.581644395
10/09/2019,2019,45,630.2017544,-33.53717278,3.489840258,21.69298246,-0.273584939
17/09/2019,2019,55,622.5390625,-33.81075772,3.640146201,22.6484375,-14.13758451
24/09/2019,2019,63,621.0844156,-47.94834223,3.832029698,23.93506494,8.298009666
01/10/2019,2019,49,624.8735632,-39.65033257,4.327925577,27.12643678,8.756510527
08/10/2019,2019,45,631.6716418,-30.89382204,4.222673854,26.80597015,37.3869293
15/10/2019,2019,42,649.4230769,6.493107266,5.942985421,38.70512821,35.29919694
22/10/2019,2019,36,698.5540541,41.79230421,4.113817069,28.72972973,15.76143086
29/10/2019,2019,29,728.1111111,57.55373507,3.275716878,24.26666667,-24.97541137
05/11/2019,2019,40,701.7868852,32.57832371,2.494250079,17.16393443,-35.32935572
12/11/2019,2019,42,660.3684211,-2.751032015,1.588122845,10.11842105,5.072702569
19/11/2019,2019,31,660.2978723,2.321670554,2.676530982,17.89361702,-22.54799352
26/11/2019,2019,34,638.4558824,-20.22632296,4.88213778,30.89705882,2.575319854
03/12/2019,2019,26,639.4150943,-17.65100311,3.074443281,19.69811321,-1.417908317
10/12/2019,2019,26,624.8780488,-19.06891143,7.446940684,46.17073171,30.50408783
17/12/2019,2019,34,662.1428571,11.43517641,5.239295125,34.64285714,39.08987152
24/12/2019,2019,21,710.8043478,50.52504792,4.04094163,28.54347826,-5.458480579
31/12/2019,2019,20,716.9117647,45.06656734,5.388970293,38.14705882,-10.59315382
08/01/2020,2020,22,682.7352941,34.47341353,4.459122942,29.67647059,-6.019073061
15/01/2020,2020,25,686.9365079,28.45434047,5.482659444,37.53968254,2.687452451
22/01/2020,2020,25,691.7826087,31.14179292,3.895098977,26.47826087,-29.93451807
29/01/2020,2020,17,647.4871795,1.207274846,2.663023873,17.17948718,-13.08086703
05/02/2020,2020,25,651.877551,-11.87359219,3.226191504,21.16326531,-3.355086974
12/02/2020,2020,17,645.1875,-15.22867916,4.173853589,26.21875,4.701095445
19/02/2020,2020,24,580.59375,-10.52758372,5.149233668,28.9375,8.408651812
26/02/2020,2020,20,642.3414634,-2.118931906,5.354187267,33.7804878,16.41836774
04/03/2020,2020,27,628.2439024,14.29943584,6.800111623,42.51219512,13.9785978
11/03/2020,2020,25,678.2571429,28.27803363,5.064168577,33.82857143,-12.63061232
18/03/2020,2020,13,661.4210526,15.64742131,4.497938484,28.47368421,26.10341634
25/03/2020,2020,16,685.4814815,41.75083765,5.376184275,36.62962963,10.54580466
01/04/2020,2020,13,630.4705882,52.29664232,5.035142673,31.70588235,-0.773802456
08/04/2020,2020,13,649.6428571,51.52283986,2.801294565,17.35714286,19.19641028
15/04/2020,2020,12,680.1,70.71925014,4.204000971,26.8,11.37076341
22/04/2020,2020,14,687.8695652,82.09001355,3.605787976,24.13043478,-47.83629233
29/04/2020,2020,21,637.7352941,34.25372122,4.032847199,25.76470588,34.87962845
06/05/2020,2020,19,652.2647059,69.13334967,5.986570407,37.44117647,-14.09316855
13/05/2020,2020,29,668.4166667,55.04018112,5.546381737,36.13888889,-9.055280921
20/05/2020,2020,21,680.3181818,45.9849002,4.482980569,29.90909091,5.374957522
27/05/2020,2020,22,661.3617021,51.35985772,3.427731135,22.65957447,-37.29967051
03/06/2020,2020,36,625.7761194,14.06018721,4.375697919,26.95522388,-1.382840772
10/06/2020,2020,32,632.4074074,12.67734644,4.299744649,26.37037037,0.613484352
17/06/2020,2020,10,689.5833333,13.29083079,6.11722398,41.25,1.575635946
24/06/2020,2020,21,709.1481481,14.86646674,5.754226447,40.92592593,-28.2861707
01/07/2020,2020,36,627.9636364,-13.41970396,3.751910497,23.2,-1.62990496
22/07/2020,2020,26,585.1153846,-34.54029058,6.202042997,36.07692308,3.779281105
29/07/2020,2020,19,537.84375,-30.76100947,3.473208243,21.125,22.85276633
05/08/2020,2020,21,676.5769231,-7.908243141,4.414420686,30.11538462,-42.68836244
12/08/2020,2020,30,572.452381,-50.59660558,5.311576388,30.78571429,20.50407644
19/08/2020,2020,32,607.4444444,-30.09252915,5.348085948,32.13333333,3.88352442
26/08/2020,2020,45,635.2307692,-26.20900473,4.81751665,30.76923077,-9.028633032
02/09/2020,2020,34,600.05,-35.23763776,4.936299127,29.25,6.571567996
09/09/2020,2020,51,619.2159091,-28.66606976,4.792029814,29.02272727,5.96109308
16/09/2020,2020,35,640.4634146,-22.70497668,4.652798091,30.09756098,-9.432164003
23/09/2020,2020,42,613.4625,-32.13714069,5.120949675,31.3,5.770144149
30/09/2020,2020,38,639.02,-26.36699654,5.462035857,34.76,4.749470278
07/10/2020,2020,25,641.16,-21.61752626,5.563382837,34.76,3.30487011
14/10/2020,2020,11,653.8235294,-18.31265615,5.533377923,35.47058824,8.614000896
21/10/2020,2020,35,645.1886792,-9.698655255,4.873989956,31.47169811,-11.81011496
28/10/2020,2020,35,623,-21.50877022,5.235737438,30.87804878,18.56363435
04/11/2020,2020,27,654.8,-2.945135869,3.592709934,23.73333333,-3.573181834
11/11/2020,2020,8,658.2222222,-6.518317702,6.708353898,43.33333333,33.14630084
18/11/2020,2020,4,692.75,26.62798314,6.361048242,44.25,12.67860839
25/11/2020,2020,9,744.7272727,39.30659152,5.001733859,37,56.61513933
02/12/2020,2020,3,792.3333333,95.92173085,2.064141285,17,-51.33341213
09/12/2020,2020,9,654.6923077,44.58831872,2.466397421,17,2.24125516
16/12/2020,2020,9,601.2222222,46.82957388,3.879712416,22.22222222,7.705132024
23/12/2020,2020,12,705.4166667,54.53470591,5.469093146,39.58333333,4.833387473
30/12/2020,2020,4,782.75,59.36809338,1.591586817,11.5,-7.017507261
08/01/2021,2021,2,783,52.35058612,2.739957481,22.5,10.00893792
15/01/2021,2021,1,940,62.35952404,5.638297872,53,2.006604837
22/01/2021,2021,9,709.6153846,64.36612888,4.373764317,30.23076923,-11.91624156
29/01/2021,2021,13,748.1333333,52.44988731,2.79155482,20.4,-2.287387015
05/02/2021,2021,14,678.2857143,50.1625003,3.177778567,22.04761905,-11.19597052
12/02/2021,2021,24,652.9714286,38.96652978,1.835990533,12.57142857,-14.96621909
19/02/2021,2021,9,644.1,24.00031069,1.715904318,11.6,4.316701089
26/02/2021,2021,10,657.2727273,28.31701178,3.283059772,22.45454545,-18.64500043
05/03/2021,2021,16,722.875,9.672011346,3.280979395,24,-13.04128215
12/03/2021,2021,19,688.3076923,-3.369270807,3.744510158,25.23076923,14.28134432
19/03/2021,2021,9,661,10.91207351,3.737624127,25,-7.901405671
26/03/2021,2021,10,637.8181818,3.010667841,4.284169248,27,30.03038214
02/04/2021,2021,11,627.0666667,33.04104999,5.456950168,34.13333333,-13.62688416
09/04/2021,2021,13,682.0769231,19.41416583,3.52415072,23.69230769,-2.79011924
16/04/2021,2021,18,642.8421053,16.62404659,4.622635835,29.84210526,-9.672474223
23/04/2021,2021,15,633.7647059,6.951572366,4.179844691,25.82352941,1.107429348
30/04/2021,2021,31,647.9705882,8.059001714,3.671576484,23.73529412,0.435718231
07/05/2021,2021,33,636.3,8.494719944,4.082861792,25.6,12.37066442
14/05/2021,2021,18,634.3181818,20.86538436,4.273716772,26.68181818,-12.40763131
21/05/2021,2021,31,651.15,8.457753056,3.404823138,22.175,11.92062838
28/05/2021,2021,23,646.9032258,20.37838144,4.476651342,28.35483871,-28.26402665
04/06/2021,2021,43,625.6666667,-7.885645206,4.735360079,29.28205128,-6.001943058
11/06/2021,2021,46,600.8947368,-13.88758826,3.271695875,19.03508772,15.09383927
18/06/2021,2021,48,660.015625,1.206251007,4.9018224,31.515625,26.2207171
25/06/2021,2021,44,670.0612245,27.42696811,5.078462852,33.40816327,-4.615558316
02/07/2021,2021,29,677.5526316,22.81140979,3.970112254,26.73684211,-16.95297549
09/07/2021,2021,22,665.16,5.8584343,3.944926887,26.12,1.48067902
16/07/2021,2021,34,657.9268293,7.339113321,4.319102308,28.2195122,-13.47237841
23/07/2021,2021,32,636.0222222,-6.133265092,3.998336634,25.17777778,-14.52701977
30/07/2021,2021,37,628.7297297,-20.66028486,3.979894424,24.16216216,6.519095163
06/08/2021,2021,54,621.0144928,-14.14118969,4.535423081,27.94202899,-6.826365496
13/08/2021,2021,34,621,-20.96755519,3.330349173,20.51111111,0.947924842
20/08/2021,2021,38,612.8032787,-20.01963035,4.993899312,30.42622951,-6.462259436
27/08/2021,2021,53,641.7323944,-26.48188978,2.948521199,18.63380282,-19.25331515
03/09/2021,2021,39,607.6393443,-45.73520494,3.84852446,23.09836066,-3.682694578
10/09/2021,2021,34,564.6666667,-49.41789952,4.181744896,23.47619048,-8.299759164
17/09/2021,2021,29,587.7931034,-57.71765868,3.984943541,23.48275862,-20.77521218
24/09/2021,2021,27,558.1724138,-78.49287086,2.108742828,12.17241379,1.114927295
01/10/2021,2021,26,543.3548387,-77.37794357,3.606356819,19.74193548,-0.78741666
08/10/2021,2021,57,573.9010989,-78.16536023,3.240366311,18.35164835,1.72826169
15/10/2021,2021,36,574.1333333,-76.43709854,3.609309765,20.73333333,44.10555025
22/10/2021,2021,8,624.5,-32.33154829,6.116281511,36.75,-50.19342947
29/10/2021,2021,12,560.8333333,-82.52497776,9.067475753,50.25,110.2624603
05/11/2021,2021,10,664.5454545,27.73748253,6.6631637,42.81818182,8.146766393
12/11/2021,2021,21,653.6086957,35.88424892,3.6776751,23.91304348,-15.59957907
19/11/2021,2021,18,645.3793103,20.28466985,4.181043144,26.51724138,-4.105752773
26/11/2021,2021,28,690.0689655,16.17891708,4.457643752,30.86206897,-2.943113944
03/12/2021,2021,7,672.5555556,13.23580314,4.631205066,31,2.905174194
10/12/2021,2021,8,633.3333333,16.14097733,4.306059942,27.66666667,-20.75302741
17/12/2021,2021,18,642.4761905,-4.612050077,5.597919743,35.66666667,17.38159436
24/12/2021,2021,20,667.7,12.76954428,6.160989781,40.7,-2.067616129
31/12/2021,2021,21,656.9545455,10.70192815,7.051966131,46,8.14267202
08/01/2022,2022,19,641.6956522,18.84460017,4.608088824,28.7826087,2.729397324
15/01/2022,2022,20,687.1538462,21.5739975,4.344175894,29.53846154,-17.11183221
22/01/2022,2022,12,638.1666667,4.46216529,3.567238826,23.41666667,28.57721015
29/01/2022,2022,24,690.1666667,33.03937544,3.791750142,26.43333333,-7.446597416
05/02/2022,2022,16,687.8235294,25.59277802,5.7643718,39.41176471,17.7944275
12/02/2022,2022,22,706.3846154,43.38720552,7.079291376,49.19230769,-20.63628735
19/02/2022,2022,30,646.8863636,22.75091817,5.297639578,33.13636364,-6.377894602
26/02/2022,2022,33,654.5454545,16.37302357,3.909655246,24.74545455,-12.29889249
05/03/2022,2022,12,646.4,4.074131081,4.467497627,27.8,11.14341821
12/03/2022,2022,28,609.5428571,15.21754929,3.51863692,21.25714286,-21.20864427
19/03/2022,2022,23,634.6666667,-5.991094981,4.86808382,30.8,-8.068756362
26/03/2022,2022,25,623.3870968,-14.05985134,5.609218359,34.74193548,14.22664891
02/04/2022,2022,26,619.2121212,0.166797562,5.404258551,33,6.840555046
09/04/2022,2022,38,650.9487179,7.007352608,5.829063893,37.56410256,-14.47372521
16/04/2022,2022,26,644.1944444,-7.4663726,8.561753224,54.55555556,21.44757866
23/04/2022,2022,35,666.9512195,13.98120606,7.041411073,46.48780488,11.08436557
30/04/2022,2022,40,687.3666667,25.06557163,4.831709325,33,3.682474794
07/05/2022,2022,38,652.6136364,28.74804643,5.36000305,34.86363636,-5.988471177
14/05/2022,2022,53,683.265625,22.75957525,4.423177488,29.6875,9.402304029
21/05/2022,2022,42,691.6415094,32.16187928,4.495477199,30.86792453,-9.365004711
28/05/2022,2022,34,698.9189189,22.79687457,5.865014572,40.72972973,13.20528308
04/06/2022,2022,39,682.4651163,36.00215765,5.787607326,39.97674419,24.15034489
11/06/2022,2022,17,737.3636364,60.15250254,4.145546358,30.04545455,-26.15808023
18/06/2022,2022,20,664.9354839,33.99442231,4.125377293,27.70967742,-49.84228613
25/06/2022,2022,2,680,-15.84786382,3.830980066,26,59.20460458
02/07/2022,2022,18,705.2272727,43.35674076,3.687035948,26.18181818,-6.708425743
09/07/2022,2022,26,693.3030303,36.64831501,5.131529879,34.48484848,23.26646186
16/07/2022,2022,42,707.1132075,59.91477687,4.143702257,28.83018868,1.811290125
23/07/2022,2022,28,720.9642857,61.72606699,4.31646893,30.92857143,-1.487511974
30/07/2022,2022,29,719.53125,60.23855502,4.129461279,28.375,-6.297084724
06/08/2022,2022,24,709.1935484,53.9414703,4.478249765,31.67741935,-44.8782931
13/08/2022,2022,12,695.1428571,9.063177192,3.496334026,23.78571429,36.19126055
20/08/2022,2022,15,743.8666667,45.25443774,3.501386499,26.2,-8.73474576
27/08/2022,2022,13,670.5384615,36.51969198,4.350611347,29.84615385,-9.588074831
03/09/2022,2022,13,694.2307692,26.93161715,4.779494707,33.30769231,-12.59130657
10/09/2022,2022,21,672.12,14.34031058,4.47931053,30.24,-4.024142881
17/09/2022,2022,25,677.1481481,10.3161677,3.056088232,20.77777778,-7.771946021
24/09/2022,2022,25,684.5,2.544221674,5.166845077,34.92857143,5.672441359
01/10/2022,2022,20,694.3846154,8.216663033,2.429821113,16.88461538,-30.33639743
08/10/2022,2022,25,644.12,-22.1197344,3.99131985,23.92,8.844055894
15/10/2022,2022,25,655.1724138,-13.2756785,2.075894974,12.68965517,-4.592343756
22/10/2022,2022,24,655.75,-17.86802226,2.482471535,15.4375,-24.0094754
29/10/2022,2022,36,632.3658537,-41.87749766,3.20091925,20.2195122,-12.19567158
05/11/2022,2022,26,648.75,-54.07316924,5.02677239,32.21428571,27.53639778
12/11/2022,2022,19,646.96,-26.53677146,6.373583055,41.04,21.65656293
19/11/2022,2022,16,674.9047619,-4.880208528,5.201647429,33.76190476,-6.996017811
26/11/2022,2022,28,693.5625,-11.87622634,2.893248076,19.46875,-1.77984286
03/12/2022,2022,23,637.72,-13.6560692,4.098248697,25.2,6.799930184
10/12/2022,2022,19,681.8,-6.856139014,5.415524617,36.92,-12.46778167
17/12/2022,2022,7,671.75,-19.32392069,2.691521136,18.125,31.72104317
24/12/2022,2022,9,698.6666667,12.39712248,4.087446168,27.66666667,-7.584948105
31/12/2022,2022,23,676.1,4.81217438,3.787943959,24.8,7.230137589
08/01/2023,2023,30,671.425,12.04231197,4.144288822,26.75,-6.468945821
15/01/2023,2023,37,661.9302326,5.573366148,1.933035392,12.8372093,-26.11399898
22/01/2023,2023,22,650.56,-20.54063283,4.787470409,30,24.70013854
29/01/2023,2023,36,667.8703704,4.15950571,3.232583132,21.01851852,-23.48012367
05/02/2023,2023,45,599.362069,-19.32061796,4.354014903,24.53448276,8.975187994
12/02/2023,2023,25,644.2068966,-10.34542997,4.302265354,27.82758621,7.399577197
19/02/2023,2023,52,637.3606557,-2.945852772,3.855525075,25.03278689,0.173833784
26/02/2023,2023,45,614.3728814,-2.772018988,4.535860009,27.61016949,6.492810883
05/03/2023,2023,26,640.25,3.720791895,4.039426305,24.85714286,-11.61414219
12/03/2023,2023,31,651.952381,-7.893350299,4.566568341,29.66666667,-5.925964889
19/03/2023,2023,59,611.0625,-13.81931519,4.026343357,24.578125,2.080548021
26/03/2023,2023,19,619.3157895,-11.73876717,5.774645711,34.63157895,7.322898707
02/04/2023,2023,43,671.8823529,-4.415868461,3.993700911,26.31372549,-12.52312796
09/04/2023,2023,38,655.2045455,-16.93899642,5.231505337,33.75,13.35178813
16/04/2023,2023,49,662.9705882,-3.587208296,5.306531964,35.23529412,-12.94987904
23/04/2023,2023,52,653.7460317,-16.53708733,3.917567917,25.55555556,-13.54982124
30/04/2023,2023,65,626.2345679,-30.08690858,5.632148201,35.35802469,9.117380534
07/05/2023,2023,63,645.3162393,-20.96952804,5.606930376,36.24786325,9.632048846
14/05/2023,2023,53,655.7384615,-11.3374792,6.123278427,40.27692308,11.51001589
21/05/2023,2023,85,660.4910714,0.172536696,4.441257423,29.00892857,-10.43084773
28/05/2023,2023,64,650.9146341,-10.25831103,5.120414758,33.36585366,-5.762702899
04/06/2023,2023,61,640.8735632,-16.02101393,5.051161312,32.06896552,6.271139576
11/06/2023,2023,89,641.9014085,-9.749874353,5.479511012,34.90140845,-6.315817873
18/06/2023,2023,82,650.6099291,-16.06569223,5.159629827,33.29787234,13.99021243
25/06/2023,2023,59,665.255102,-2.075479793,5.018315177,33.15306122,-10.16683974
02/07/2023,2023,72,647.68,-12.24231954,5.205583108,33.95,12.48716618
09/07/2023,2023,77,665.1693548,0.244846644,4.558753176,30.18548387,-6.88424601
16/07/2023,2023,108,653.380117,-6.639399366,4.244528633,27.66081871,-7.106569059
23/07/2023,2023,97,628.5931034,-13.74596842,5.050181271,31.8,3.685326765
30/07/2023,2023,78,655.389313,-10.06064166,3.951079421,25.70992366,-8.299976697
06/08/2023,2023,66,616.1630435,-18.36061836,5.110893798,31.01086957,7.472873991
13/08/2023,2023,84,644.7092199,-10.88774436,4.157168338,26.73049645,-2.149235785
20/08/2023,2023,107,642.8032787,-13.03698015,4.908006428,31.19672131,0.062490549
27/08/2023,2023,93,638.7319588,-12.9744896,4.926444277,31.35051546,-4.344496153
03/09/2023,2023,111,640.8494624,-17.31898575,5.156270281,32.98387097,7.827383718
10/09/2023,2023,115,631.4820513,-9.491602037,4.558722192,28.64102564,-9.389557956
17/09/2023,2023,82,635.9593496,-18.88115999,4.592837076,28.91056911,4.637134265
24/09/2023,2023,128,625.3101852,-14.24402573,4.17392706,26.1712963,0.449319537
01/10/2023,2023,106,633.8136646,-13.79470619,4.246493318,26.80745342,-8.965670717
08/10/2023,2023,105,629.2777778,-22.76037691,4.331763563,26.85353535,57.9298389
15/10/2023,2023,56,670.9354839,35.16946199,6.074960084,40.11827957,26.62315211
22/10/2023,2023,57,700.6043956,61.7926141,4.702849457,31.79120879,-9.252781825
29/10/2023,2023,68,685.3985507,52.53983227,3.798064889,25.07246377,-19.78477386
05/11/2023,2023,81,685.6601307,32.75505841,3.365823344,22.51633987,-31.01781742
12/11/2023,2023,69,650.5689655,1.737240992,3.939866186,25.55172414,-19.6632144
19/11/2023,2023,64,635.4324324,-17.92597341,4.422982512,27.63963964,14.1472384
26/11/2023,2023,65,635.7358491,-3.778735001,4.777199585,30.46226415,11.9079326
03/12/2023,2023,62,670.6422018,8.129197594,3.308074168,21.68807339,-6.067040503
10/12/2023,2023,69,624.0846154,2.062157091,4.229795629,26.20769231,-0.690901337
17/12/2023,2023,67,658.8675497,1.371255754,4.09865073,26.8807947,-32.39362993
24/12/2023,2023,63,625.7073171,-31.02237417,3.423920871,21.38211382,-4.757602802
