FemaleID,ReprodRef,BirthDate,Year,Month,Age,Cond7Day,TB,Dominant,LitterSuccess
256,133,20/10/1993,1997,1,1183,NA,N,Y,1
892,799,31/10/1995,1997,1,456,NA,N,N,0
259,150,24/01/1994,1997,2,1129,NA,N,Y,1
1315,488,05/11/1995,1997,3,490,NA,N,N,1
1116,684,07/09/1995,1997,3,549,NA,N,N,1
395,671,15/11/1993,1997,3,1211,NA,N,Y,1
892,357,31/10/1995,1997,4,543,NA,N,N,0
893,358,31/10/1995,1997,4,545,NA,N,N,1
895,365,10/03/1996,1997,4,415,NA,N,N,1
256,134,20/10/1993,1997,7,1361,NA,N,Y,1
259,151,24/01/1994,1997,8,1299,NA,N,Y,1
530,747,04/03/1996,1997,8,539,NA,N,N,0
395,190,15/11/1993,1997,8,1383,NA,N,Y,1
529,232,04/03/1996,1997,9,546,NA,N,N,1
258,11,24/01/1994,1997,10,1369,NA,N,Y,1
529,748,04/03/1996,1997,10,604,NA,N,Y,0
894,359,10/03/1996,1997,10,600,NA,N,N,0
259,152,24/01/1994,1997,11,1377,NA,N,Y,1
36,7,02/01/1996,1997,11,696,NA,N,N,0
256,135,20/10/1993,1997,11,1500,NA,N,Y,1
258,768,24/01/1994,1997,12,1417,NA,N,Y,0
1116,685,07/09/1995,1997,12,837,NA,N,N,0
395,191,15/11/1993,1998,1,1518,NA,N,Y,1
259,31,24/01/1994,1998,1,1458,NA,N,Y,1
39,913,11/12/1996,1998,1,411,74.15949143,N,N,0
895,366,10/03/1996,1998,2,697,82.65316234,N,N,0
531,749,21/11/1996,1998,2,441,NA,N,N,0
35,2,02/01/1996,1998,2,768,71.6874174,N,N,0
256,136,20/10/1993,1998,2,1583,-62.86091904,N,Y,1
894,360,10/03/1996,1998,2,712,23.15506699,N,Y,0
1116,440,07/09/1995,1998,2,901,NA,N,N,1
258,145,24/01/1994,1998,3,1502,2.35936044,N,Y,0
530,234,04/03/1996,1998,3,742,35.83065692,N,Y,1
897,800,15/01/1997,1998,3,429,NA,N,N,0
36,8,02/01/1996,1998,3,810,NA,N,N,0
37,12,02/01/1996,1998,3,811,NA,N,N,1
1319,861,02/03/1997,1998,3,387,25.45056565,N,N,0
1320,509,02/03/1997,1998,4,402,44.39232939,N,N,1
1317,490,02/03/1997,1998,5,443,NA,N,N,0
894,890,10/03/1996,1998,6,830,51.67157464,N,Y,0
259,154,24/01/1994,1998,7,1649,NA,N,Y,1
39,32,11/12/1996,1998,8,614,1.9126113,N,N,1
40,888,11/12/1996,1998,9,633,16.42841562,N,N,0
530,235,04/03/1996,1998,9,925,NA,N,Y,1
41,889,11/12/1996,1998,9,643,57.62288181,N,N,0
895,367,10/03/1996,1998,9,927,NA,N,N,0
258,769,24/01/1994,1998,9,1703,NA,N,Y,0
395,192,15/11/1993,1998,10,1789,NA,N,Y,1
256,137,20/10/1993,1998,10,1823,-11.08045062,N,Y,1
259,155,24/01/1994,1998,10,1730,9.659926069,N,Y,1
894,361,10/03/1996,1998,11,969,240.6377377,N,N,1
1315,829,05/11/1995,1998,11,1097,NA,N,N,0
39,33,11/12/1996,1998,11,706,21.27447452,N,N,0
40,36,11/12/1996,1998,11,715,77.76633012,N,Y,0
43,43,26/02/1997,1998,11,640,NA,N,N,1
530,236,04/03/1996,1998,12,1003,NA,N,Y,0
531,243,21/11/1996,1998,12,756,NA,N,N,0
36,9,02/01/1996,1998,12,1081,131.3710177,N,N,0
37,13,02/01/1996,1998,12,1086,NA,N,Y,1
395,193,15/11/1993,1998,12,1867,58.74330287,N,Y,0
35,3,02/01/1996,1998,12,1091,NA,N,N,0
895,368,10/03/1996,1998,12,1023,45.22146927,N,N,0
1322,864,23/08/1997,1998,12,492,1.173070003,N,N,0
44,45,26/02/1997,1999,1,674,56.05999566,N,N,0
259,156,24/01/1994,1999,1,1805,NA,N,Y,1
256,138,20/10/1993,1999,1,1902,50.24731791,N,Y,1
258,146,24/01/1994,1999,1,1812,NA,N,N,0
1319,494,02/03/1997,1999,1,684,NA,N,N,0
1321,513,02/03/1997,1999,1,687,91.57001956,N,N,0
45,55,26/02/1997,1999,1,693,47.82320067,N,N,1
46,58,01/11/1997,1999,1,446,80.11785821,N,N,1
894,362,10/03/1996,1999,1,1047,3.838631545,N,N,1
1320,510,02/03/1997,1999,1,691,6.28436167,N,N,0
1317,491,02/03/1997,1999,1,692,53.79032851,N,Y,1
1315,489,05/11/1995,1999,1,1181,NA,N,N,0
40,37,11/12/1996,1999,2,798,-57.95113397,N,Y,0
530,237,04/03/1996,1999,2,1083,42.59626554,N,Y,1
39,34,11/12/1996,1999,3,817,80.38801345,N,N,0
37,14,02/01/1996,1999,3,1163,165.2662281,N,Y,0
659,770,24/10/1997,1999,3,502,NA,N,N,0
43,44,26/02/1997,1999,3,743,111.2312796,N,N,0
395,194,15/11/1993,1999,3,1945,NA,N,Y,0
1322,808,23/08/1997,1999,3,569,NA,N,N,0
36,10,02/01/1996,1999,3,1175,NA,N,N,0
895,891,10/03/1996,1999,3,1110,13.64806692,N,N,0
35,4,02/01/1996,1999,4,1196,12.37415712,N,N,0
48,61,01/11/1997,1999,4,541,NA,N,N,0
49,69,21/01/1998,1999,4,463,22.54608521,N,N,1
40,35,11/12/1996,1999,7,945,26.78818642,N,Y,1
37,15,02/01/1996,1999,7,1297,NA,N,Y,1
530,238,04/03/1996,1999,8,1246,29.63051597,N,Y,1
1317,492,02/03/1997,1999,8,883,93.15564692,N,Y,0
1320,511,02/03/1997,1999,8,885,91.96092499,N,N,1
1323,809,03/02/1998,1999,8,549,13.35681806,N,N,0
1315,830,05/11/1995,1999,8,1375,115.0150632,N,N,0
256,139,20/10/1993,1999,8,2123,39.90543285,N,Y,1
894,363,10/03/1996,1999,8,1252,48.86835823,N,N,1
395,195,15/11/1993,1999,8,2099,138.7212757,N,Y,1
259,157,24/01/1994,1999,8,2032,93.25460786,N,Y,1
49,70,21/01/1998,1999,8,577,-32.97230184,N,N,1
1319,493,02/03/1997,1999,8,911,134.0300032,N,N,1
44,46,26/02/1997,1999,9,922,NA,N,N,0
258,147,24/01/1994,1999,9,2073,NA,N,Y,1
40,39,11/12/1996,1999,10,1026,41.6608297,N,Y,1
1317,831,02/03/1997,1999,10,948,99.86706616,N,Y,0
37,16,02/01/1996,1999,10,1374,47.91810245,N,Y,1
530,239,04/03/1996,1999,10,1322,27.68098311,N,Y,0
1320,512,02/03/1997,1999,10,969,6.33454962,N,Y,0
895,892,10/03/1996,1999,10,1326,NA,Y,N,0
35,5,02/01/1996,1999,10,1396,56.33558675,N,N,0
256,140,20/10/1993,1999,11,2204,-6.762227924,N,Y,1
894,364,10/03/1996,1999,11,1333,NA,N,N,1
395,196,15/11/1993,1999,11,2182,7.218947518,N,Y,1
46,59,01/11/1997,1999,11,739,51.0160566,N,N,0
1318,681,02/03/1997,1999,11,983,NA,N,N,0
259,62,24/01/1994,1999,11,2117,68.13480706,N,Y,1
45,56,26/02/1997,1999,11,997,NA,N,N,1
40,40,11/12/1996,1999,12,1105,52.39123868,N,Y,1
903,801,12/07/1997,1999,12,892,NA,N,N,0
48,914,01/11/1997,1999,12,780,NA,N,N,0
37,17,02/01/1996,1999,12,1456,38.2324709,N,Y,1
258,148,24/01/1994,1999,12,2165,NA,N,Y,1
44,47,26/02/1997,2000,1,1041,NA,Y,N,1
530,240,04/03/1996,2000,1,1400,NA,N,Y,1
35,6,02/01/1996,2000,1,1463,NA,N,N,0
535,257,15/09/1998,2000,1,477,NA,N,N,0
1469,865,17/08/1998,2000,1,509,NA,N,N,0
1319,496,02/03/1997,2000,1,1045,136.6685071,N,Y,0
536,258,15/09/1998,2000,1,487,NA,N,N,1
1472,589,28/11/1998,2000,1,413,43.84621744,N,N,0
50,895,31/07/1998,2000,1,537,61.31003276,N,N,0
256,141,20/10/1993,2000,1,2284,-8.096137892,N,Y,1
395,197,15/11/1993,2000,1,2260,55.71727843,N,Y,1
1161,442,23/01/1999,2000,1,368,NA,N,N,1
46,60,01/11/1997,2000,2,826,NA,N,N,0
49,71,21/01/1998,2000,2,755,47.99982325,N,N,0
1471,586,28/11/1998,2000,2,446,10.05614513,N,N,0
57,78,21/01/1999,2000,2,401,48.05278089,N,N,0
53,73,20/10/1998,2000,2,496,112.7154849,N,N,1
530,731,04/03/1996,2000,3,1462,50.53055326,N,Y,0
54,72,03/01/1999,2000,3,428,NA,N,N,1
258,778,24/01/1994,2000,3,2234,NA,N,Y,0
37,18,02/01/1996,2000,3,1532,NA,N,Y,1
40,41,11/12/1996,2000,3,1190,17.60756063,N,Y,1
44,48,26/02/1997,2000,3,1116,95.64941766,Y,Y,0
256,780,20/10/1993,2000,3,2343,47.23678023,N,Y,0
1319,497,02/03/1997,2000,3,1115,86.33708621,N,Y,1
1324,514,21/09/1998,2000,4,566,23.84188719,N,N,1
395,198,15/11/1993,2000,4,2340,79.71568968,N,Y,1
411,214,19/01/1999,2000,4,449,47.40220883,N,N,0
45,49,26/02/1997,2000,4,1146,-4.376982797,N,N,1
44,50,26/02/1997,2000,7,1226,NA,Y,Y,1
48,63,01/11/1997,2000,7,987,107.3755699,N,N,0
259,159,24/01/1994,2000,7,2371,95.55751393,N,Y,1
256,142,20/10/1993,2000,7,2469,145.9030767,N,Y,1
49,897,21/01/1998,2000,8,933,NA,N,N,0
1324,515,21/09/1998,2000,8,698,97.75419019,N,Y,1
530,241,04/03/1996,2000,8,1631,83.56045151,N,Y,1
1319,498,02/03/1997,2000,8,1268,73.64734927,N,Y,1
1325,534,09/12/1998,2000,8,621,117.3680899,N,N,1
37,19,02/01/1996,2000,9,1708,92.83046509,N,Y,1
395,199,15/11/1993,2000,9,2486,121.7144146,N,Y,1
40,42,11/12/1996,2000,9,1367,28.86779819,N,Y,1
1326,840,28/07/1999,2000,9,409,33.85935624,N,N,0
666,750,22/07/1999,2000,9,421,NA,N,N,0
1471,866,28/11/1998,2000,9,658,77.73285979,N,N,0
536,732,15/09/1998,2000,9,737,7.68598075,N,N,0
44,51,26/02/1997,2000,9,1304,121.2641937,Y,Y,1
1472,590,28/11/1998,2000,9,670,74.17844024,N,N,1
259,160,24/01/1994,2000,10,2449,81.86565613,N,Y,1
58,1114,29/04/1999,2000,10,529,NA,N,N,0
256,143,20/10/1993,2000,10,2550,147.5696083,N,Y,1
530,733,04/03/1996,2000,10,1689,25.1801565,N,Y,0
48,64,01/11/1997,2000,10,1094,NA,N,N,0
1319,499,02/03/1997,2000,11,1347,29.37444897,N,Y,1
1324,516,21/09/1998,2000,11,780,56.75415374,N,Y,1
395,724,15/11/1993,2000,11,2552,NA,N,Y,0
37,20,02/01/1996,2000,11,1790,107.8724086,N,Y,1
667,751,07/10/1999,2000,12,434,-15.51567436,N,N,0
1469,572,17/08/1998,2000,12,854,69.74157542,N,Y,0
416,216,06/11/1999,2000,12,412,NA,N,N,0
414,215,15/08/1999,2000,12,497,5.619839406,N,N,0
1473,592,14/07/1999,2000,12,529,NA,N,N,0
665,300,22/07/1999,2000,12,523,-4.686956735,N,N,0
1474,594,14/07/1999,2000,12,531,14.68545571,N,N,0
259,161,24/01/1994,2000,12,2530,55.25927841,N,Y,0
417,219,06/11/1999,2000,12,418,-11.11973763,N,N,0
256,781,20/10/1993,2000,12,2626,-89.5971247,N,Y,0
536,259,15/09/1998,2001,1,844,25.12116434,N,N,0
55,76,21/01/1999,2001,1,718,NA,N,N,0
530,242,04/03/1996,2001,1,1771,-19.15430212,N,Y,1
48,65,01/11/1997,2001,1,1166,-29.73407904,N,N,0
1161,443,23/01/1999,2001,1,723,86.65340517,N,N,0
1472,588,28/11/1998,2001,1,783,-43.55153496,N,N,1
531,244,21/11/1996,2001,1,1521,65.73779925,N,N,0
668,305,07/10/1999,2001,1,472,33.59044752,N,N,0
44,52,26/02/1997,2001,1,1434,NA,Y,Y,1
395,200,15/11/1993,2001,1,2634,16.71390272,N,Y,1
1319,444,02/03/1997,2001,1,1431,-4.896724681,N,Y,1
1324,517,21/09/1998,2001,2,879,-14.81846973,N,Y,1
54,75,03/01/1999,2001,2,781,15.14605236,N,N,0
37,21,02/01/1996,2001,2,1881,-15.95623316,N,Y,1
48,66,01/11/1997,2001,2,1214,-25.27650134,N,N,0
665,301,22/07/1999,2001,3,588,-16.76346877,N,N,0
1163,819,30/08/1999,2001,3,558,43.24707688,N,N,0
1469,867,17/08/1998,2001,3,936,37.69051087,N,Y,0
671,306,28/12/1999,2001,3,439,35.73450816,N,N,0
1325,535,09/12/1998,2001,3,825,11.09318395,N,N,0
666,302,22/07/1999,2001,3,602,10.2405873,N,N,0
672,307,28/12/1999,2001,3,447,51.6022386,N,N,0
259,67,24/01/1994,2001,3,2614,-30.73662142,N,Y,1
667,304,07/10/1999,2001,3,533,-27.75628812,N,N,0
673,308,28/12/1999,2001,4,460,NA,N,N,0
58,898,29/04/1999,2001,4,705,39.76676401,N,N,0
531,271,21/11/1996,2001,5,1625,NA,N,N,1
37,752,02/01/1996,2001,5,1950,-66.71913487,N,Y,0
537,696,20/02/1999,2001,5,806,4.500602726,N,N,0
395,725,15/11/1993,2001,6,2769,NA,N,Y,0
1472,870,28/11/1998,2001,6,938,NA,N,N,0
1319,501,02/03/1997,2001,7,1594,61.47693142,N,Y,1
48,68,01/11/1997,2001,7,1359,NA,N,N,0
1324,518,21/09/1998,2001,7,1039,14.37132384,N,Y,1
531,245,21/11/1996,2001,7,1709,64.42503302,N,Y,1
1469,573,17/08/1998,2001,8,1083,56.46025205,N,Y,0
44,53,26/02/1997,2001,8,1624,NA,Y,Y,1
37,22,02/01/1996,2001,8,2049,NA,N,Y,1
667,753,07/10/1999,2001,8,678,42.04446034,N,N,0
666,303,22/07/1999,2001,8,756,54.55671488,N,N,0
395,726,15/11/1993,2001,8,2835,45.71357222,N,Y,0
259,163,24/01/1994,2001,9,2780,40.96315254,N,Y,0
919,386,02/11/1999,2001,9,680,39.80713203,N,N,0
1471,868,28/11/1998,2001,9,1019,NA,N,N,0
915,369,13/08/1999,2001,9,766,60.31008451,N,Y,0
924,782,24/07/2000,2001,9,420,12.89316157,N,N,0
921,391,21/01/2000,2001,9,606,13.80743663,N,N,0
58,80,29/04/1999,2001,9,874,NA,N,N,1
922,403,21/01/2000,2001,10,626,24.71571197,N,N,0
923,404,21/01/2000,2001,10,626,19.0187617,N,N,0
920,388,21/01/2000,2001,10,627,26.87568317,N,N,0
1319,502,02/03/1997,2001,10,1682,0.100643932,N,Y,1
917,385,02/11/1999,2001,10,712,31.28773822,N,N,0
1324,519,21/09/1998,2001,10,1122,NA,N,Y,1
531,246,21/11/1996,2001,10,1792,57.91728214,N,Y,1
666,755,22/07/1999,2001,10,821,56.17570182,N,N,0
416,217,06/11/1999,2001,10,718,58.88054623,N,N,0
421,220,12/04/2000,2001,10,560,NA,N,N,0
1478,598,21/12/1999,2001,10,675,71.6694714,N,N,0
44,54,26/02/1997,2001,11,1709,NA,Y,Y,1
37,23,02/01/1996,2001,11,2132,72.47554723,N,Y,1
927,414,13/10/2000,2001,11,387,70.63093842,N,N,0
1473,593,14/07/1999,2001,11,844,NA,N,Y,1
926,413,13/10/2000,2001,11,392,185.0340083,N,N,0
395,201,15/11/1993,2001,11,2917,125.2135244,N,Y,1
536,260,15/09/1998,2001,11,1152,NA,N,N,1
925,409,24/07/2000,2001,11,480,125.3643804,N,N,1
1480,599,15/03/2000,2001,11,614,42.12746484,N,N,0
1478,574,21/12/1999,2001,11,701,199.9022849,N,Y,1
1474,595,14/07/1999,2001,11,862,45.88204881,N,Y,1
259,688,24/01/1994,2001,11,2860,NA,N,Y,1
1469,771,17/08/1998,2001,11,1194,NA,N,N,0
921,783,21/01/2000,2001,12,683,133.1664584,N,N,0
1482,617,28/09/2000,2001,12,434,183.8742387,N,N,0
1282,836,06/07/2000,2001,12,527,57.30633424,N,N,0
1324,841,21/09/1998,2001,12,1183,31.39261404,N,Y,0
919,387,02/11/1999,2001,12,781,NA,N,Y,1
916,370,02/11/1999,2001,12,782,103.1980747,N,Y,0
1319,447,02/03/1997,2001,12,1763,54.22399717,N,Y,1
1285,475,22/09/2000,2001,12,463,51.80617622,N,N,0
64,899,06/03/2000,2001,12,663,NA,N,N,0
1335,843,09/11/2000,2002,1,419,41.58434181,N,N,0
1333,553,19/08/2000,2002,1,502,68.11928306,N,N,0
531,247,21/11/1996,2002,1,1870,99.1589785,N,Y,1
1336,842,09/11/2000,2002,1,421,36.60274069,N,N,0
44,837,26/02/1997,2002,1,1776,NA,Y,Y,0
536,915,15/09/1998,2002,1,1214,NA,N,Y,0
37,24,02/01/1996,2002,1,2212,59.17610266,N,Y,1
63,83,11/11/1999,2002,1,805,121.9643303,N,N,0
1330,549,19/08/2000,2002,1,523,NA,N,N,0
1332,551,19/08/2000,2002,1,523,NA,N,N,0
1335,556,09/11/2000,2002,1,441,121.1848634,N,N,0
1329,544,09/04/2000,2002,1,656,84.04881121,N,N,0
259,900,24/01/1994,2002,1,2923,-10.28563902,N,Y,0
395,202,15/11/1993,2002,1,2995,NA,N,Y,0
1163,445,30/08/1999,2002,1,881,NA,N,N,0
1164,448,26/01/2000,2002,1,732,126.5000513,N,N,0
1328,536,09/04/2000,2002,1,659,91.18391859,N,N,0
65,84,22/07/2000,2002,2,561,59.05889544,N,N,1
541,272,15/01/2000,2002,2,750,NA,N,N,1
1474,871,14/07/1999,2002,2,939,95.35477521,N,Y,0
1168,820,08/11/2000,2002,2,460,-66.79761819,N,N,0
1478,772,21/12/1999,2002,2,787,NA,N,Y,0
1170,454,08/11/2000,2002,2,467,115.3736252,N,N,0
416,218,06/11/1999,2002,2,836,90.97415961,N,N,0
1282,838,06/07/2000,2002,2,594,114.8731557,N,N,0
1166,451,21/08/2000,2002,2,552,62.32471751,N,N,0
421,221,12/04/2000,2002,2,684,3.638020855,N,N,0
1480,600,15/03/2000,2002,2,713,70.01765556,N,Y,0
919,833,02/11/1999,2002,2,848,NA,N,Y,0
1337,845,09/11/2000,2002,3,477,68.63295187,N,N,0
682,319,25/02/2001,2002,3,371,NA,N,N,0
924,405,24/07/2000,2002,3,587,-17.13032694,N,N,0
1324,520,21/09/1998,2002,3,1259,84.42998276,N,Y,1
55,77,21/01/1999,2002,3,1141,NA,N,N,0
916,371,02/11/1999,2002,3,862,37.63518753,N,Y,1
1165,449,21/08/2000,2002,3,570,88.12571609,N,N,0
1484,621,19/01/2001,2002,3,419,NA,N,N,0
425,727,05/09/2000,2002,3,556,96.02191649,N,N,0
1481,615,08/09/2000,2002,3,555,2.500228295,N,N,0
1319,450,02/03/1997,2002,3,1847,90.40381339,N,Y,1
536,916,15/09/1998,2002,3,1287,21.91113321,N,Y,0
531,248,21/11/1996,2002,3,1951,84.94839152,N,Y,1
1482,618,28/09/2000,2002,3,547,NA,N,N,1
1332,846,19/08/2000,2002,4,590,17.00884612,N,N,0
1282,839,06/07/2000,2002,4,640,NA,N,N,0
37,25,02/01/1996,2002,4,2294,35.49526938,N,Y,1
395,203,15/11/1993,2002,4,3079,NA,N,Y,1
259,164,24/01/1994,2002,5,3023,NA,N,Y,1
919,834,02/11/1999,2002,5,930,27.06836332,N,Y,0
926,835,13/10/2000,2002,5,584,1.227517736,N,N,0
924,784,24/07/2000,2002,6,684,-45.02515213,N,N,0
925,786,24/07/2000,2002,8,744,18.31192613,N,N,0
1480,601,15/03/2000,2002,8,886,83.06420882,N,Y,1
1319,505,02/03/1997,2002,8,2002,59.29284116,N,Y,1
1469,575,17/08/1998,2002,8,1469,60.88379241,N,Y,1
1324,521,21/09/1998,2002,9,1444,69.32738383,N,Y,1
531,249,21/11/1996,2002,9,2115,59.50626157,N,Y,1
916,372,02/11/1999,2002,9,1042,21.63869143,N,Y,1
536,261,15/09/1998,2002,9,1456,33.25885123,N,Y,1
259,165,24/01/1994,2002,9,3153,44.05556583,N,Y,1
927,415,13/10/2000,2002,9,705,5.340137718,N,N,1
37,26,02/01/1996,2002,9,2459,-1.454423994,N,Y,0
1481,616,08/09/2000,2002,10,753,NA,N,N,0
1482,619,28/09/2000,2002,10,733,NA,N,N,0
1484,622,19/01/2001,2002,10,620,NA,N,N,0
395,204,15/11/1993,2002,10,3247,-0.95322256,N,Y,1
1483,620,19/01/2001,2002,10,626,NA,N,N,0
678,27,26/11/2000,2002,10,684,51.50837611,N,N,1
66,816,08/10/2000,2002,10,738,14.29719891,N,N,0
1165,821,21/08/2000,2002,11,803,74.46331895,N,N,0
1480,602,15/03/2000,2002,11,968,39.82424636,N,Y,1
64,813,06/03/2000,2002,11,982,38.25609251,N,N,0
55,814,21/01/1999,2002,11,1392,2.234228367,N,Y,0
65,815,22/07/2000,2002,11,844,NA,N,N,0
1469,576,17/08/1998,2002,11,1550,101.541081,N,Y,1
1319,506,02/03/1997,2002,11,2084,73.47554014,N,Y,1
1339,847,16/02/2001,2002,11,638,NA,N,N,0
924,406,24/07/2000,2002,11,846,NA,N,Y,0
65,817,22/07/2000,2002,11,848,NA,N,N,0
63,818,11/11/1999,2002,11,1102,-18.21776931,N,Y,0
1168,822,08/11/2000,2002,11,739,52.26556825,N,N,0
1170,823,08/11/2000,2002,11,739,31.33078742,N,N,0
1324,522,21/09/1998,2002,11,1520,110.9174924,N,Y,1
531,250,21/11/1996,2002,11,2194,129.6122221,N,Y,1
916,373,02/11/1999,2002,11,1122,6.972897371,N,Y,1
259,166,24/01/1994,2002,11,3231,43.49477208,N,Y,1
536,262,15/09/1998,2002,11,1536,101.22343,N,Y,1
921,393,21/01/2000,2002,11,1044,NA,N,Y,0
1328,537,09/04/2000,2002,12,970,38.01495244,N,Y,0
1334,709,21/08/2000,2002,12,836,NA,N,N,0
920,389,21/01/2000,2002,12,1053,NA,N,N,1
37,28,02/01/1996,2002,12,2536,NA,N,Y,1
1329,545,09/04/2000,2002,12,978,41.61679066,N,N,0
925,410,24/07/2000,2002,12,873,NA,N,N,0
1330,710,19/08/2000,2002,12,848,NA,N,N,0
1333,554,19/08/2000,2002,12,851,0.035094043,N,N,1
67,86,22/03/2001,2002,12,638,-24.78384412,N,N,0
1332,552,19/08/2000,2002,12,855,NA,N,N,0
395,205,15/11/1993,2002,12,3329,36.71343793,N,Y,1
928,785,16/11/2001,2002,12,406,52.15724136,N,N,0
927,411,13/10/2000,2002,12,806,NA,N,N,0
69,902,22/03/2001,2003,1,651,-5.457343834,N,N,0
1163,446,30/08/1999,2003,1,1222,2.980485462,N,N,0
430,728,10/11/2001,2003,1,423,-19.47956172,N,N,0
680,757,26/11/2000,2003,1,780,NA,N,N,0
675,310,13/03/2000,2003,1,1040,64.63154132,N,N,0
677,311,26/11/2000,2003,1,782,NA,N,N,0
1173,457,13/07/2001,2003,1,554,7.491447553,N,N,0
929,417,16/11/2001,2003,1,431,NA,N,N,0
1485,623,22/11/2001,2003,1,426,29.89711381,N,N,0
1340,849,26/07/2001,2003,1,545,NA,N,N,0
683,677,25/02/2001,2003,1,697,NA,N,N,0
1480,603,15/03/2000,2003,1,1045,76.35961401,N,Y,1
1339,559,16/02/2001,2003,1,713,NA,N,N,0
545,274,08/01/2001,2003,2,754,75.38427953,N,N,0
547,276,04/05/2001,2003,2,638,NA,N,N,0
679,316,26/11/2000,2003,2,797,3.620755834,N,N,0
924,407,24/07/2000,2003,2,925,34.55515084,N,Y,0
1319,507,02/03/1997,2003,2,2168,72.38499931,N,Y,1
681,697,26/11/2000,2003,2,803,9.25236551,N,N,0
1336,850,09/11/2000,2003,2,820,NA,N,N,0
1171,456,31/01/2001,2003,2,738,-44.59493315,N,N,1
1328,711,09/04/2000,2003,2,1035,NA,N,Y,0
1324,561,21/09/1998,2003,2,1603,156.297229,N,Y,1
531,251,21/11/1996,2003,2,2277,33.93860534,N,Y,0
536,263,15/09/1998,2003,2,1615,38.57236468,N,Y,1
682,320,25/02/2001,2003,2,721,NA,N,N,0
916,374,02/11/1999,2003,2,1203,93.02910193,N,Y,1
259,167,24/01/1994,2003,2,3313,23.21697943,N,Y,0
69,89,22/03/2001,2003,2,701,55.7976235,N,N,0
1338,558,16/02/2001,2003,2,735,151.5171621,N,N,1
1337,848,09/11/2000,2003,2,835,NA,N,N,0
70,90,19/09/2001,2003,3,528,NA,N,N,1
1169,453,08/11/2000,2003,3,843,49.87956398,N,N,0
1486,624,22/11/2001,2003,3,464,128.3313636,N,N,0
1335,851,09/11/2000,2003,3,842,NA,N,N,0
1489,872,22/11/2001,2003,3,464,34.52706842,N,N,0
37,29,02/01/1996,2003,3,2617,42.79430375,N,Y,1
192,917,03/02/2002,2003,3,398,NA,N,N,0
925,408,24/07/2000,2003,3,959,-13.23575165,N,N,0
921,802,21/01/2000,2003,3,1145,-11.74028596,N,Y,0
68,903,22/03/2001,2003,3,720,83.25881614,N,N,0
1329,712,09/04/2000,2003,3,1069,NA,N,N,0
395,206,15/11/1993,2003,3,3407,-27.28656601,N,Y,0
544,273,08/01/2001,2003,3,796,NA,N,N,0
190,693,10/11/2001,2003,3,492,71.14695149,N,N,0
67,87,22/03/2001,2003,3,731,61.26084976,N,N,0
71,92,23/11/2001,2003,3,485,23.76734585,N,N,0
1487,626,22/11/2001,2003,3,486,64.80836073,N,N,0
429,223,10/11/2001,2003,3,499,33.8002339,N,N,0
687,758,03/11/2001,2003,3,508,9.249455031,N,N,0
1168,452,08/11/2000,2003,3,869,68.83891587,N,N,0
678,314,26/11/2000,2003,3,853,82.86393801,N,N,0
680,759,26/11/2000,2003,4,858,95.20790399,N,N,0
543,734,21/08/2000,2003,4,959,47.84872265,N,N,0
1328,538,09/04/2000,2003,4,1100,NA,N,Y,0
545,275,08/01/2001,2003,5,851,NA,N,N,0
1330,555,19/08/2000,2003,5,996,NA,N,N,0
547,735,04/05/2001,2003,5,746,NA,N,N,0
552,279,18/10/2001,2003,5,585,72.31423345,N,N,0
1480,873,15/03/2000,2003,9,1276,-7.875141782,N,Y,0
924,893,24/07/2000,2003,9,1156,-59.23062106,N,Y,0
1338,852,16/02/2001,2003,10,971,29.37356507,N,N,0
1486,625,22/11/2001,2003,10,703,73.25097293,N,N,0
536,111,15/09/1998,2003,10,1868,8.600096573,Y,Y,1
921,394,21/01/2000,2003,10,1379,124.0469868,N,Y,0
68,904,22/03/2001,2003,11,957,29.25311611,N,N,0
1469,577,17/08/1998,2003,11,1924,163.7158511,N,Y,1
1324,523,21/09/1998,2003,12,1899,11.56403398,N,Y,1
1319,508,02/03/1997,2003,12,2468,139.7201069,N,Y,0
1328,539,09/04/2000,2003,12,1334,144.8413122,N,Y,0
916,375,02/11/1999,2003,12,1494,-64.35632574,N,Y,1
1480,604,15/03/2000,2003,12,1361,86.0933265,N,Y,1
259,168,24/01/1994,2003,12,3604,34.36654207,N,Y,1
395,207,15/11/1993,2003,12,3676,43.21342918,N,Y,1
531,252,21/11/1996,2003,12,2574,99.47390102,N,Y,1
37,30,02/01/1996,2003,12,2901,21.08229767,N,Y,1
920,390,21/01/2000,2003,12,1429,23.92781802,N,N,0
1492,874,08/11/2002,2003,12,408,99.73119288,N,N,0
1329,546,09/04/2000,2004,1,1366,NA,N,N,0
536,115,15/09/1998,2004,1,1946,110.181678,Y,Y,1
1343,853,04/09/2002,2004,1,502,49.01263893,N,N,0
921,395,21/01/2000,2004,1,1460,168.6164573,N,Y,1
190,918,10/11/2001,2004,1,805,119.1239943,N,N,0
687,760,03/11/2001,2004,1,816,2.035289042,N,N,0
194,113,10/09/2002,2004,2,515,NA,N,N,0
1469,578,17/08/1998,2004,2,2003,14.97049303,N,Y,1
259,905,24/01/1994,2004,2,3677,-35.65098911,N,Y,0
1178,459,15/11/2002,2004,2,461,NA,N,Y,1
1180,467,07/02/2003,2004,2,379,NA,N,N,1
1324,524,21/09/1998,2004,2,1979,57.82318131,N,Y,1
916,376,02/11/1999,2004,2,1573,-12.4126191,N,Y,1
1480,605,15/03/2000,2004,2,1439,-50.11640629,N,Y,1
1328,540,09/04/2000,2004,2,1415,NA,N,Y,0
37,761,02/01/1996,2004,2,2974,-26.96799793,N,Y,0
1349,857,21/02/2003,2004,2,368,68.56852964,N,N,0
531,253,21/11/1996,2004,2,2654,9.869432415,N,Y,1
288,172,18/12/2002,2004,2,437,NA,N,N,0
71,93,23/11/2001,2004,2,828,67.68360592,N,N,0
197,920,29/11/2002,2004,3,459,15.70027361,N,N,0
199,921,16/02/2003,2004,3,380,NA,N,N,0
77,906,12/09/2002,2004,3,539,34.3869108,N,N,0
550,736,18/10/2001,2004,3,869,NA,N,N,0
554,737,04/01/2002,2004,3,794,74.38787662,N,N,0
80,103,29/11/2002,2004,3,466,94.8925818,N,N,0
286,171,18/12/2002,2004,3,447,NA,N,N,0
1490,627,18/08/2002,2004,3,569,49.62435209,N,N,1
552,280,18/10/2001,2004,3,874,74.61316707,N,N,1
921,803,21/01/2000,2004,3,1512,51.15072803,N,Y,0
1343,562,04/09/2002,2004,3,561,32.5719239,N,N,0
78,94,12/09/2002,2004,3,554,49.03058247,N,N,1
561,738,06/09/2002,2004,3,562,55.35856457,N,N,0
1344,699,19/11/2002,2004,3,489,20.19782815,N,N,0
689,323,22/01/2002,2004,3,794,43.78275532,N,N,0
697,330,14/04/2002,2004,3,712,50.68951616,N,N,0
1492,629,08/11/2002,2004,3,504,107.0870831,N,N,0
1329,547,09/04/2000,2004,3,1449,NA,N,N,1
536,114,15/09/1998,2004,4,2025,-37.38101622,Y,Y,1
687,322,03/11/2001,2004,4,881,30.66476666,N,N,1
197,922,29/11/2002,2004,4,498,56.98766679,N,N,0
190,112,10/11/2001,2004,4,884,135.7958345,N,N,0
198,739,16/02/2003,2004,4,428,29.71041611,N,N,0
1344,855,19/11/2002,2004,5,529,33.10343746,N,N,0
536,266,15/09/1998,2004,5,2058,32.33967218,Y,Y,0
190,924,10/11/2001,2004,5,906,47.29294036,N,N,0
560,278,06/09/2002,2004,5,612,NA,N,N,1
689,762,22/01/2002,2004,5,839,24.0077595,N,Y,0
1328,548,09/04/2000,2004,5,1494,NA,N,Y,1
1480,875,15/03/2000,2004,5,1519,18.50491294,N,Y,0
1492,876,08/11/2002,2004,5,551,51.86884707,N,N,0
1324,525,21/09/1998,2004,5,2064,66.45305027,N,Y,1
921,396,21/01/2000,2004,7,1628,86.36050949,N,Y,1
78,95,12/09/2002,2004,7,665,37.13940395,N,Y,1
689,324,22/01/2002,2004,7,909,14.61698516,N,Y,1
1480,877,15/03/2000,2004,7,1587,-6.948618264,N,Y,0
1178,824,15/11/2002,2004,8,633,42.05701246,N,Y,0
1328,713,09/04/2000,2004,8,1596,-33.47971832,N,Y,0
1469,773,17/08/1998,2004,8,2199,26.57643624,N,Y,0
536,267,15/09/1998,2004,9,2184,-20.05174086,Y,Y,1
916,377,02/11/1999,2004,9,1780,47.5556598,N,Y,1
1480,606,15/03/2000,2004,9,1646,5.816391706,N,Y,1
689,763,22/01/2002,2004,9,974,7.341627658,N,Y,0
531,740,21/11/1996,2004,9,2863,-20.53997781,N,Y,0
560,741,06/09/2002,2004,9,748,-36.00852483,N,N,0
1492,630,08/11/2002,2004,9,690,18.0864404,N,N,1
395,209,15/11/1993,2004,9,3971,-25.28657209,N,Y,1
1324,526,21/09/1998,2004,9,2200,23.08354988,N,Y,1
552,672,18/10/2001,2004,10,1084,44.31752201,N,N,0
1490,628,18/08/2002,2004,10,784,8.081177779,N,N,1
550,742,18/10/2001,2004,10,1091,50.34659699,N,N,0
697,764,14/04/2002,2004,10,920,41.68055533,N,N,0
921,397,21/01/2000,2004,11,1746,52.06854946,N,Y,1
1469,333,17/08/1998,2004,11,2279,NA,N,Y,1
1178,460,15/11/2002,2004,11,729,92.63788463,N,Y,1
1328,542,09/04/2000,2004,11,1683,65.57460538,N,Y,1
71,96,23/11/2001,2004,11,1098,22.18251789,N,Y,0
536,268,15/09/1998,2004,11,2263,13.0080666,Y,Y,0
934,787,17/02/2003,2004,11,648,NA,N,N,0
531,254,21/11/1996,2004,11,2929,35.35297506,N,Y,1
80,104,29/11/2002,2004,12,733,90.29284817,N,N,0
916,378,02/11/1999,2004,12,1859,43.56014875,N,Y,1
1480,607,15/03/2000,2004,12,1727,-45.01784602,N,Y,1
932,788,09/09/2002,2004,12,819,NA,N,N,0
689,325,22/01/2002,2004,12,1050,6.710374133,N,Y,1
190,779,10/11/2001,2004,12,1123,NA,Y,N,0
1324,565,21/09/1998,2004,12,2278,76.30967786,N,Y,1
811,717,25/08/2002,2004,12,851,51.24346832,N,Y,0
200,925,16/02/2003,2004,12,677,NA,N,N,0
196,116,29/11/2002,2004,12,759,NA,N,N,0
197,119,29/11/2002,2004,12,759,NA,N,N,0
934,789,17/02/2003,2004,12,679,NA,N,N,0
813,774,14/11/2002,2004,12,776,23.3539957,N,N,0
921,804,21/01/2000,2005,1,1810,-2.945484393,N,Y,0
1469,775,17/08/1998,2005,1,2334,-3.468065283,N,Y,0
199,926,16/02/2003,2005,1,698,NA,N,N,0
1178,826,15/11/2002,2005,1,796,20.28884204,N,Y,0
815,343,23/11/2003,2005,1,427,76.57277037,N,N,0
1354,566,03/12/2003,2005,1,417,49.78838272,N,N,0
1496,638,06/12/2003,2005,1,419,-9.581581562,N,N,0
814,347,23/11/2003,2005,1,434,59.79103811,N,N,1
1328,543,09/04/2000,2005,1,1758,41.85631929,N,Y,0
433,225,09/12/2003,2005,2,421,7.33716555,N,N,0
1353,564,03/12/2003,2005,2,429,17.73338623,N,N,0
1494,878,06/12/2003,2005,2,437,NA,N,N,0
531,255,21/11/1996,2005,2,3009,-105.048346,N,Y,1
556,703,26/03/2002,2005,2,1058,NA,N,N,1
71,97,23/11/2001,2005,2,1182,11.9297661,N,Y,0
536,269,15/09/1998,2005,2,2347,NA,Y,Y,0
916,379,02/11/1999,2005,2,1939,8.111296606,N,Y,1
1185,471,19/02/2004,2005,2,369,-6.868811396,N,N,0
1480,608,15/03/2000,2005,2,1805,-70.66072827,N,Y,1
395,210,15/11/1993,2005,2,4118,-111.2865723,N,Y,1
934,419,17/02/2003,2005,2,738,-62.77045276,N,N,0
689,326,22/01/2002,2005,2,1131,NA,N,Y,1
200,927,16/02/2003,2005,2,742,NA,N,N,0
80,105,29/11/2002,2005,3,824,-50.15496747,N,N,1
202,121,27/10/2003,2005,3,492,NA,N,N,0
204,122,13/01/2004,2005,3,415,NA,N,N,1
1039,432,20/01/2004,2005,3,409,-11.88917548,Y,N,0
1324,527,21/09/1998,2005,3,2360,-46.7706208,N,Y,1
1184,468,19/02/2004,2005,3,384,29.48113443,N,N,0
932,418,09/09/2002,2005,3,915,-11.53062662,N,N,1
1037,431,09/12/2002,2005,3,825,124.6229207,N,N,0
196,117,29/11/2002,2005,3,838,74.61734456,Y,N,0
813,334,14/11/2002,2005,3,853,16.22418337,N,N,0
1490,879,18/08/2002,2005,3,944,0.067097209,N,N,0
572,743,10/03/2004,2005,3,378,32.72864187,N,N,0
1469,776,17/08/1998,2005,3,2410,-71.31700721,N,Y,0
921,398,21/01/2000,2005,3,1890,-19.6127847,N,Y,1
1480,880,15/03/2000,2005,4,1843,16.00214471,N,Y,0
197,118,29/11/2002,2005,4,855,56.95958933,N,Y,1
1178,461,15/11/2002,2005,4,869,20.35156103,N,Y,1
815,719,23/11/2003,2005,4,500,9.008965139,N,Y,0
71,907,23/11/2001,2005,4,1231,56.82843955,N,Y,0
199,928,16/02/2003,2005,4,783,-76.12004052,Y,N,0
433,730,09/12/2003,2005,4,493,-2.271537402,N,N,0
1492,631,08/11/2002,2005,4,890,-8.712528212,N,N,0
556,704,26/03/2002,2005,4,1121,NA,N,N,1
566,744,24/11/2002,2005,4,884,-25.4060698,N,N,0
536,929,15/09/1998,2005,5,2421,7.434653517,Y,Y,0
1355,567,21/02/2004,2005,5,442,34.59696742,N,N,0
932,790,09/09/2002,2005,5,973,-49.87670011,N,N,0
815,344,23/11/2003,2005,6,570,81.09268,N,Y,1
1469,580,17/08/1998,2005,6,2506,41.99916879,N,Y,0
813,335,14/11/2002,2005,7,963,115.8686628,N,N,1
1184,462,19/02/2004,2005,7,509,58.8985327,N,N,1
689,327,22/01/2002,2005,8,1290,NA,N,Y,1
71,98,23/11/2001,2005,8,1361,81.61777024,N,Y,1
536,270,15/09/1998,2005,8,2528,NA,Y,Y,1
1480,609,15/03/2000,2005,8,1990,NA,N,Y,1
531,745,21/11/1996,2005,8,3201,-15.91887809,N,Y,0
1324,528,21/09/1998,2005,9,2539,50.7163729,N,Y,1
569,292,09/12/2003,2005,9,637,39.065025,N,N,1
572,293,10/03/2004,2005,9,545,74.56302282,N,N,1
814,349,23/11/2003,2005,9,659,64.54676978,N,Y,1
290,694,28/03/2004,2005,9,539,44.65546901,N,N,1
1178,827,15/11/2002,2005,9,1046,68.93726927,N,Y,0
916,380,02/11/1999,2005,9,2159,17.42958091,N,Y,1
921,805,21/01/2000,2005,10,2080,9.722250872,N,Y,0
552,281,18/10/2001,2005,10,1447,53.85504582,N,N,1
816,348,10/02/2004,2005,10,603,64.81410774,N,N,0
1037,806,09/12/2002,2005,10,1033,60.19431944,N,N,0
689,328,22/01/2002,2005,10,1369,11.4870218,N,Y,1
80,908,29/11/2002,2005,10,1061,NA,N,N,0
291,695,12/05/2004,2005,10,534,66.70488228,N,Y,0
1469,581,17/08/1998,2005,11,2640,31.48488856,N,Y,0
1480,610,15/03/2000,2005,11,2067,-39.3117364,N,Y,1
531,256,21/11/1996,2005,11,3278,34.89763704,N,Y,1
1324,529,21/09/1998,2005,11,2617,-1.953646584,N,Y,1
83,909,08/07/2004,2005,11,501,11.84875017,N,N,0
1492,881,08/11/2002,2005,11,1113,107.3722672,N,N,0
395,211,15/11/1993,2005,11,4395,NA,N,Y,0
814,350,23/11/2003,2005,11,738,29.06434224,N,Y,1
290,714,28/03/2004,2005,11,612,47.32783101,N,N,0
204,123,13/01/2004,2005,12,691,35.72926348,N,Y,1
813,336,14/11/2002,2005,12,1119,-13.93147651,N,N,0
293,715,12/05/2004,2005,12,576,57.70868938,N,N,0
921,399,21/01/2000,2005,12,2155,39.00700085,N,Y,1
1178,463,15/11/2002,2005,12,1126,42.47085018,N,Y,1
71,99,23/11/2001,2005,12,1484,91.64839244,N,Y,1
552,282,18/10/2001,2005,12,1521,70.62116327,N,N,0
916,381,02/11/1999,2005,12,2241,28.27717697,N,Y,1
689,765,22/01/2002,2005,12,1431,NA,N,Y,0
701,766,02/04/2004,2005,12,630,-46.06134474,Y,N,0
1494,882,06/12/2003,2005,12,753,-2.392966873,N,N,0
1498,883,22/02/2004,2005,12,675,12.91967724,N,N,0
1184,470,19/02/2004,2005,12,679,NA,N,N,0
815,345,23/11/2003,2006,1,772,31.33376342,N,N,0
556,283,26/03/2002,2006,1,1389,17.57474464,N,N,1
433,226,09/12/2003,2006,1,770,-13.0768365,N,N,0
1469,777,17/08/1998,2006,1,2715,28.31113773,N,Y,0
1354,858,03/12/2003,2006,1,783,-20.99071215,N,N,0
816,720,10/02/2004,2006,1,717,22.00922808,N,N,0
1185,472,19/02/2004,2006,1,710,38.0307207,N,N,0
1480,611,15/03/2000,2006,1,2146,-88.88872027,N,Y,1
942,423,04/12/2004,2006,2,430,-15.12470564,N,N,0
944,426,04/12/2004,2006,2,430,-36.6804655,N,N,1
573,294,10/05/2004,2006,2,640,41.03610283,N,N,0
1355,568,21/02/2004,2006,2,720,-6.071653042,N,N,0
1324,530,21/09/1998,2006,2,2702,-60.28924687,N,Y,1
814,339,23/11/2003,2006,2,819,30.00302617,N,Y,1
921,807,21/01/2000,2006,2,2221,-3.492936767,N,Y,0
1357,570,16/05/2004,2006,2,646,-29.43825187,N,N,0
204,124,13/01/2004,2006,2,773,47.37375767,N,Y,1
1492,632,08/11/2002,2006,2,1204,-31.9382009,N,N,1
689,329,22/01/2002,2006,2,1498,NA,N,Y,1
707,767,07/12/2004,2006,3,449,75.78169232,N,N,0
817,721,10/02/2004,2006,3,758,37.15694608,N,N,0
1178,464,15/11/2002,2006,3,1214,1.750289028,N,Y,1
1496,884,06/12/2003,2006,3,831,-32.34145758,N,N,0
566,288,24/11/2002,2006,3,1211,33.55646233,N,Y,1
293,181,12/05/2004,2006,3,683,86.29919019,N,N,0
84,108,08/07/2004,2006,3,628,NA,N,N,0
83,107,08/07/2004,2006,4,632,57.4175229,N,N,1
211,129,03/03/2005,2006,4,394,NA,N,N,0
71,941,23/11/2001,2006,4,1590,51.88384658,N,Y,0
1498,640,22/02/2004,2006,4,771,NA,N,N,0
290,175,28/03/2004,2006,4,737,NA,N,N,0
1469,582,17/08/1998,2006,4,2787,62.97496474,N,Y,0
433,227,09/12/2003,2006,4,848,85.33898374,N,Y,0
556,286,26/03/2002,2006,4,1472,58.19178932,N,N,0
916,382,02/11/1999,2006,4,2347,NA,N,Y,0
1480,612,15/03/2000,2006,4,2214,33.06819791,N,Y,0
818,351,12/11/2004,2006,4,514,121.4373791,N,N,0
943,425,04/12/2004,2006,4,492,39.39182639,N,N,0
441,228,23/02/2005,2006,4,412,75.07094262,N,N,1
937,420,22/02/2004,2006,4,780,12.55330093,N,N,0
819,353,12/11/2004,2006,4,518,NA,N,N,1
941,421,16/09/2004,2006,4,578,37.37367752,N,N,0
294,182,17/11/2004,2006,4,522,NA,N,Y,1
947,428,12/03/2005,2006,4,408,122.5942174,N,N,1
948,429,12/03/2005,2006,4,408,97.32692702,N,N,1
552,284,18/10/2001,2006,4,1650,68.39021791,Y,N,1
1039,433,20/01/2004,2006,4,826,53.60532694,Y,N,0
1044,436,01/11/2004,2006,4,544,153.2629147,N,N,0
1324,571,21/09/1998,2006,4,2778,-12.04067864,Y,Y,1
1085,810,16/02/2005,2006,5,444,NA,N,N,0
1041,435,06/07/2004,2006,5,670,152.180167,N,N,0
1046,437,25/03/2005,2006,5,408,86.36741354,N,N,0
921,400,21/01/2000,2006,5,2300,42.15932298,Y,Y,1
1355,700,21/02/2004,2006,5,811,49.54689008,N,N,0
1357,946,16/05/2004,2006,5,728,21.07964849,N,N,0
942,791,04/12/2004,2006,5,528,116.9657615,N,N,0
814,187,23/11/2003,2006,8,991,111.4499714,N,Y,1
210,126,03/03/2005,2006,8,527,NA,N,Y,1
566,289,24/11/2002,2006,8,1357,55.62852448,N,Y,1
294,938,17/11/2004,2006,8,639,58.86485397,N,Y,0
1469,583,17/08/1998,2006,8,2928,101.9705061,N,Y,1
1480,613,15/03/2000,2006,9,2362,30.50621225,N,Y,1
1085,811,16/02/2005,2006,9,563,-19.96288314,N,N,0
433,229,09/12/2003,2006,9,999,44.02070714,N,Y,1
552,812,18/10/2001,2006,9,1781,9.083312664,Y,N,0
711,331,04/08/2005,2006,9,402,92.35268361,N,Y,1
1324,531,21/09/1998,2006,9,2912,30.70787124,Y,Y,0
290,176,28/03/2004,2006,9,903,21.93949463,N,N,1
1178,465,15/11/2002,2006,9,1403,27.36208197,N,Y,1
211,691,03/03/2005,2006,9,566,70.67717706,Y,N,0
361,722,12/09/2005,2006,9,373,35.97689859,N,N,0
916,383,02/11/1999,2006,9,2516,43.1788665,Y,Y,0
1355,569,21/02/2004,2006,9,948,11.79901971,N,N,0
942,792,04/12/2004,2006,9,665,26.22684054,N,N,0
948,384,12/03/2005,2006,10,569,34.12720771,N,N,1
1492,633,08/11/2002,2006,10,1439,21.51117553,N,N,0
921,401,21/01/2000,2006,11,2477,-38.86334946,Y,Y,1
1469,584,17/08/1998,2006,11,3002,NA,N,Y,0
1509,646,22/02/2005,2006,11,622,-19.08567944,N,N,0
71,100,23/11/2001,2006,11,1814,-34.23329548,N,Y,1
1480,614,15/03/2000,2006,11,2441,-4.28229145,N,Y,0
1178,828,15/11/2002,2006,11,1466,NA,N,Y,0
1494,634,06/12/2003,2006,11,1084,148.2652361,N,Y,0
815,346,23/11/2003,2006,11,1100,NA,N,N,0
1324,532,21/09/1998,2006,11,2992,13.70722312,Y,Y,1
575,295,28/11/2004,2006,12,733,57.30366913,N,N,0
577,297,16/02/2005,2006,12,655,77.60529336,N,N,0
290,716,28/03/2004,2006,12,982,77.65368825,N,Y,0
1500,641,09/03/2004,2006,12,1004,84.08562317,N,N,0
355,185,30/01/2005,2006,12,683,45.87454846,N,N,0
1495,636,06/12/2003,2006,12,1104,-29.54921452,N,N,0
1498,832,22/02/2004,2006,12,1026,-154.9258272,Y,N,0
916,793,02/11/1999,2006,12,2603,-4.569266252,Y,Y,0
943,794,04/12/2004,2006,12,747,-35.36890787,N,N,0
814,189,23/11/2003,2006,12,1125,37.10154822,N,Y,1
360,188,12/09/2005,2006,12,467,13.3481492,N,N,0
1189,474,02/04/2005,2006,12,636,-1.02953391,N,N,0
1503,886,28/09/2004,2006,12,823,-78.93079775,N,N,0
211,130,03/03/2005,2006,12,668,32.89490921,Y,N,0
580,290,06/09/2005,2007,1,484,6.409950685,N,N,1
210,127,03/03/2005,2007,1,672,57.82643162,N,Y,0
1188,473,02/04/2005,2007,1,647,25.64965172,N,N,0
1355,686,21/02/2004,2007,1,1055,-39.29942612,N,N,0
818,352,12/11/2004,2007,1,791,89.64612899,N,N,0
821,356,04/07/2005,2007,1,557,42.20243668,N,N,0
941,422,16/09/2004,2007,1,851,-42.22907715,N,N,0
1497,639,22/02/2004,2007,1,1059,-49.29923063,N,N,0
1502,643,16/09/2004,2007,1,854,-75.13910203,N,N,0
946,427,22/02/2005,2007,1,696,-13.26524998,N,N,0
942,424,04/12/2004,2007,1,777,-2.272542737,N,N,1
1510,647,26/08/2005,2007,1,515,-47.64927952,N,N,0
1508,645,22/02/2005,2007,1,702,-81.31528556,N,N,0
1469,354,17/08/1998,2007,1,3084,-9.032559152,N,Y,1
1480,933,15/03/2000,2007,1,2508,-88.04533199,N,Y,0
213,132,04/12/2005,2007,1,419,-44.84207882,N,N,0
1511,648,26/08/2005,2007,1,521,-102.1028618,N,N,0
296,183,20/02/2005,2007,1,710,-54.68629005,N,N,0
1505,644,06/12/2004,2007,2,787,-44.63080245,N,N,1
433,230,09/12/2003,2007,2,1151,17.40916189,N,Y,1
1501,642,16/09/2004,2007,2,871,-118.6707929,N,N,0
290,184,28/03/2004,2007,2,1044,-71.99138104,N,Y,0
1178,466,15/11/2002,2007,2,1546,20.69260284,N,Y,1
1494,635,06/12/2003,2007,2,1170,16.86301542,N,Y,0
1039,434,20/01/2004,2007,2,1132,-51.27312669,Y,N,0
948,795,12/03/2005,2007,2,716,-17.15987365,N,N,0
921,402,21/01/2000,2007,3,2605,-110.8729301,Y,Y,0
711,332,04/08/2005,2007,3,584,-20.52002425,N,Y,0
88,109,04/03/2005,2007,3,738,6.637871764,N,N,0
566,291,24/11/2002,2007,3,1570,-5.220125533,N,Y,0
575,296,28/11/2004,2007,3,835,29.86871139,N,N,0
1360,859,16/12/2004,2007,3,818,18.83393171,N,N,0
581,746,06/09/2005,2007,3,557,NA,N,N,0
937,796,22/02/2004,2007,3,1119,-11.18613626,N,Y,0
1324,533,21/09/1998,2007,3,3100,-68.62665675,Y,Y,1
815,723,23/11/2003,2007,3,1211,-47.58834772,N,N,0
90,110,16/12/2005,2007,3,458,31.36723552,N,N,0
91,910,16/12/2005,2007,3,461,19.73305698,N,N,0
1355,860,21/02/2004,2007,3,1130,-30.95654493,Y,N,0
211,131,03/03/2005,2007,3,756,NA,Y,Y,0
814,342,23/11/2003,2007,5,1266,-43.85190781,N,Y,0
88,911,04/03/2005,2007,5,816,76.62563691,N,N,0
211,930,03/03/2005,2007,8,909,-17.1370113,Y,Y,0
944,945,04/12/2004,2007,9,1026,-50.35270513,N,N,0
210,128,03/03/2005,2007,10,954,25.26083923,N,N,0
566,943,24/11/2002,2007,10,1797,4.900576154,N,Y,0
937,797,22/02/2004,2007,10,1343,-10.94868475,N,Y,0
71,912,23/11/2001,2007,10,2167,NA,N,Y,0
1495,637,06/12/2003,2007,11,1428,-61.11630644,N,Y,1
814,935,23/11/2003,2007,11,1466,-21.18927142,N,Y,1
211,942,03/03/2005,2007,12,1004,-67.32717904,Y,Y,1
711,939,04/08/2005,2007,12,858,-27.84190569,N,Y,1
943,1469,04/12/2004,2007,12,1103,31.55467729,Y,N,0
937,949,22/02/2004,2007,12,1395,45.39804803,N,Y,0
433,1063,09/12/2003,2007,12,1471,14.80990278,N,Y,1
1503,1456,28/09/2004,2007,12,1177,NA,N,N,0
1497,1046,22/02/2004,2007,12,1406,9.409939065,N,Y,1
921,1230,21/01/2000,2008,1,2902,166.1169385,Y,Y,0
948,1087,12/03/2005,2008,1,1028,24.85847384,N,N,1
566,1068,24/11/2002,2008,1,1871,107.4489083,N,Y,1
1194,1262,18/09/2006,2008,1,477,NA,N,N,0
1191,1413,12/07/2005,2008,1,911,NA,N,N,0
1502,1138,16/09/2004,2008,1,1212,NA,N,N,0
815,1206,23/11/2003,2008,1,1513,NA,N,Y,0
1512,1295,11/11/2005,2008,1,795,113.2631642,N,N,1
1039,1231,20/01/2004,2008,1,1459,137.9525418,Y,N,0
1042,1232,06/07/2004,2008,1,1293,192.0271089,N,N,0
1505,1139,06/12/2004,2008,1,1142,100.9666176,N,N,0
1514,1140,29/01/2006,2008,1,723,NA,N,N,0
1495,1302,06/12/2003,2008,1,1508,73.59694381,N,Y,0
1501,1141,16/09/2004,2008,1,1225,152.7482691,N,Y,1
355,1207,30/01/2005,2008,1,1089,124.0011455,N,N,1
1045,1095,25/03/2005,2008,1,1040,140.2267504,N,N,1
1508,1296,22/02/2005,2008,2,1077,65.31948558,N,N,0
1510,1297,26/08/2005,2008,2,892,60.69381605,N,N,0
1515,1303,29/01/2006,2008,2,737,82.55193218,N,N,0
1511,1110,26/08/2005,2008,2,896,86.13321821,N,N,1
814,1160,23/11/2003,2008,2,1542,59.78307576,N,Y,0
363,1059,30/11/2005,2008,2,808,145.0891412,N,N,1
1189,1263,02/04/2005,2008,2,1050,NA,N,Y,0
359,1179,12/09/2005,2008,2,889,NA,N,Y,0
215,1319,12/08/2006,2008,2,557,39.14235513,N,N,0
369,1339,22/12/2006,2008,2,426,95.62101558,N,N,0
368,1340,10/08/2006,2008,2,566,93.41951595,N,N,0
717,1176,10/09/2006,2008,2,537,91.68928033,N,N,0
921,1401,21/01/2000,2008,2,2961,84.11584987,Y,Y,0
711,1074,04/08/2005,2008,3,941,60.45282937,N,Y,1
216,1320,12/08/2006,2008,3,571,NA,N,N,0
433,1064,09/12/2003,2008,3,1550,68.13870483,N,Y,1
211,1119,03/03/2005,2008,3,1102,NA,Y,Y,0
948,1383,12/03/2005,2008,3,1095,32.10060635,N,N,0
1512,1435,11/11/2005,2008,3,856,-3.446003996,N,N,0
445,1346,03/09/2006,2008,3,565,36.07435601,N,N,0
1495,1442,06/12/2003,2008,3,1572,10.2923403,N,Y,0
1508,966,22/02/2005,2008,3,1133,8.771565967,N,Y,0
1509,1286,22/02/2005,2008,3,1133,NA,N,Y,0
814,1341,23/11/2003,2008,3,1590,-15.43241105,N,Y,0
566,1069,24/11/2002,2008,4,1957,27.94180536,N,Y,1
1502,1053,16/09/2004,2008,4,1296,NA,N,N,1
1510,1107,26/08/2005,2008,4,955,12.13493681,N,N,1
1042,1233,06/07/2004,2008,4,1372,34.83796761,N,N,0
1501,1054,16/09/2004,2008,4,1306,56.03368567,N,Y,1
1194,1264,18/09/2006,2008,4,575,NA,N,N,0
359,1359,12/09/2005,2008,4,952,NA,N,N,0
943,1198,04/12/2004,2008,5,1254,NA,Y,N,1
363,1342,30/11/2005,2008,6,929,NA,N,N,0
1509,1429,22/02/2005,2008,6,1219,106.0750014,N,Y,0
1501,1333,16/09/2004,2008,7,1394,6.760107069,N,Y,0
1511,1111,26/08/2005,2008,7,1068,123.7180073,N,Y,1
1519,1125,25/01/2007,2008,7,553,117.6976403,Y,N,0
211,1450,03/03/2005,2008,8,1250,59.81301055,Y,Y,0
814,1060,23/11/2003,2008,8,1719,167.7213292,N,Y,1
943,1081,04/12/2004,2008,8,1349,NA,Y,Y,1
1189,1412,02/04/2005,2008,8,1231,NA,N,Y,0
1508,1436,22/02/2005,2008,8,1271,45.17559298,N,Y,1
1497,1047,22/02/2004,2008,8,1638,104.5609202,N,Y,1
368,1061,10/08/2006,2008,8,738,NA,N,N,1
711,1075,04/08/2005,2008,8,1110,109.8998861,N,Y,1
921,1096,21/01/2000,2008,8,3132,39.44796908,Y,Y,1
815,1084,23/11/2003,2008,8,1734,110.2440744,N,Y,1
948,1088,12/03/2005,2008,8,1261,133.4282549,N,Y,1
952,1121,24/04/2006,2008,8,854,142.1303179,N,N,0
566,1169,24/11/2002,2008,8,2102,58.47084148,N,Y,0
1194,1265,18/09/2006,2008,8,711,NA,N,N,1
1501,1142,16/09/2004,2008,9,1446,17.34967597,N,N,0
433,1065,09/12/2003,2008,9,1732,90.07455794,N,Y,1
1514,1143,29/01/2006,2008,9,952,NA,N,N,0
583,1170,19/03/2006,2008,9,905,151.8614597,N,N,0
1502,1144,16/09/2004,2008,9,1459,111.1307952,N,Y,1
355,1276,30/01/2005,2008,9,1325,NA,N,Y,0
584,1070,19/03/2006,2008,9,913,143.6407174,N,N,0
445,1066,03/09/2006,2008,9,746,123.8994093,N,N,1
359,1360,12/09/2005,2008,9,1102,NA,N,N,1
1042,1234,06/07/2004,2008,10,1548,64.21989145,N,N,0
1509,1277,22/02/2005,2008,10,1324,NA,N,N,0
1511,1112,26/08/2005,2008,10,1145,138.1089545,N,Y,1
814,1062,23/11/2003,2008,10,1797,-2.344010441,N,Y,1
369,1343,22/12/2006,2008,10,678,20.88279692,N,N,0
943,1082,04/12/2004,2008,10,1427,NA,Y,Y,1
1189,1266,02/04/2005,2008,10,1308,90.87737502,N,Y,1
215,1451,12/08/2006,2008,10,811,39.12425468,Y,Y,0
1508,1437,22/02/2005,2008,11,1349,-4.21361108,N,Y,1
711,1076,04/08/2005,2008,11,1188,85.90802046,N,Y,1
1497,1048,22/02/2004,2008,11,1719,39.15179291,N,Y,1
921,1235,21/01/2000,2008,11,3212,-17.63583938,Y,Y,0
364,1182,30/11/2005,2008,11,1073,NA,N,N,0
815,1085,23/11/2003,2008,11,1813,38.22561462,N,Y,1
948,1089,12/03/2005,2008,11,1340,7.225286262,N,Y,1
566,1071,24/11/2002,2008,11,2183,87.29409561,N,Y,1
216,1321,12/08/2006,2008,11,827,35.37002801,N,N,0
368,1161,10/08/2006,2008,11,830,-0.983297995,N,N,0
1045,1097,25/03/2005,2008,11,1337,25.10605406,N,N,1
1516,1105,24/02/2006,2008,11,1006,-1.544699189,Y,Y,1
1501,1145,16/09/2004,2008,11,1532,47.18687071,N,Y,1
355,1278,30/01/2005,2008,12,1401,NA,N,Y,1
359,1184,12/09/2005,2008,12,1178,NA,N,N,1
1194,1414,18/09/2006,2008,12,808,40.71119792,N,N,0
1043,1236,01/11/2004,2008,12,1497,150.5489746,N,N,0
445,1067,03/09/2006,2008,12,849,NA,N,Y,1
365,1185,19/02/2006,2008,12,1045,NA,N,N,0
1511,1113,26/08/2005,2009,1,1227,71.9445377,N,Y,1
1497,1324,22/02/2004,2009,1,1781,18.7420942,N,Y,0
815,1372,23/11/2003,2009,1,1873,29.44186421,N,Y,0
943,1083,04/12/2004,2009,1,1506,50.01852329,Y,Y,1
1508,1298,22/02/2005,2009,1,1427,19.70725376,N,Y,0
921,1237,21/01/2000,2009,1,3288,68.11387674,Y,Y,0
711,1077,04/08/2005,2009,1,1267,NA,N,Y,1
369,1344,22/12/2006,2009,1,766,-93.13886925,N,N,0
948,1090,12/03/2005,2009,1,1419,67.55768213,N,Y,1
952,1385,24/04/2006,2009,1,1013,-38.36099078,N,N,0
368,1345,10/08/2006,2009,2,908,-94.17119882,N,Y,0
566,1072,24/11/2002,2009,2,2267,19.23692785,N,Y,1
1501,1146,16/09/2004,2009,2,1609,70.17453314,N,Y,0
1510,1108,26/08/2005,2009,2,1268,NA,N,N,1
1516,1106,24/02/2006,2009,2,1087,25.74922754,Y,Y,1
584,1171,19/03/2006,2009,2,1067,NA,N,N,0
1521,1126,01/02/2007,2009,2,751,51.93985013,N,N,0
1694,1216,04/01/2008,2009,2,414,19.67644311,N,N,0
1695,1217,04/01/2008,2009,2,414,55.21110769,N,N,0
1502,1055,16/09/2004,2009,2,1620,41.12042343,N,N,1
1039,1238,20/01/2004,2009,2,1862,128.7477584,Y,N,0
359,1186,12/09/2005,2009,3,1267,NA,N,Y,1
1043,1239,01/11/2004,2009,3,1590,17.93366835,N,N,0
1042,1402,06/07/2004,2009,3,1709,54.80647588,N,N,0
1701,1240,29/01/2008,2009,3,409,32.75673578,N,N,0
1683,1164,19/12/2007,2009,3,452,78.24274241,N,N,0
1045,1403,25/03/2005,2009,3,1451,-13.67956751,N,N,0
1189,1267,02/04/2005,2009,3,1445,NA,N,Y,1
1519,1127,25/01/2007,2009,3,783,112.6665222,Y,N,0
1709,1162,16/02/2008,2009,3,399,61.74961534,N,N,1
1194,1415,18/09/2006,2009,3,918,NA,N,N,0
445,950,03/09/2006,2009,3,934,105.3747972,N,Y,1
355,1422,30/01/2005,2009,3,1519,72.59543687,N,Y,0
815,951,23/11/2003,2009,3,1954,9.265997941,N,Y,1
1497,952,22/02/2004,2009,3,1863,10.47022332,N,Y,1
711,1352,04/08/2005,2009,3,1335,NA,N,Y,0
1510,1438,26/08/2005,2009,4,1315,23.5723976,N,N,0
943,1199,04/12/2004,2009,4,1585,26.93497766,Y,Y,0
1516,1431,24/02/2006,2009,4,1140,27.60979628,Y,Y,0
1508,953,22/02/2005,2009,4,1509,107.0311024,N,Y,1
921,954,21/01/2000,2009,4,3371,48.36366296,Y,Y,1
1042,1404,06/07/2004,2009,4,1746,84.39699972,N,N,0
2124,1439,15/01/2008,2009,4,458,30.879767,N,N,0
953,1458,20/01/2007,2009,4,827,64.00855981,N,N,0
1501,1147,16/09/2004,2009,5,1690,82.30287863,N,Y,1
1727,955,03/04/2008,2009,5,405,62.99281649,N,N,1
1694,1386,04/01/2008,2009,7,556,48.02372996,N,N,0
1695,1387,04/01/2008,2009,7,556,21.98915089,N,N,0
1519,1325,25/01/2007,2009,7,902,40.05704473,Y,N,0
1510,1440,26/08/2005,2009,7,1425,22.45497728,N,N,0
1039,956,20/01/2004,2009,8,2025,84.29415932,Y,Y,1
445,1347,03/09/2006,2009,9,1099,48.60879146,N,Y,0
1511,957,26/08/2005,2009,9,1474,94.29020444,N,Y,1
365,1361,19/02/2006,2009,9,1297,NA,N,Y,0
815,958,23/11/2003,2009,9,2122,79.32341782,N,Y,1
948,961,12/03/2005,2009,9,1648,89.77186603,N,Y,1
711,962,04/08/2005,2009,9,1503,85.09683877,N,Y,1
1508,1299,22/02/2005,2009,9,1667,13.48921005,N,Y,0
1516,959,24/02/2006,2009,9,1301,49.17791793,Y,Y,1
1194,1455,18/09/2006,2009,9,1095,NA,N,Y,0
1501,967,16/09/2004,2009,9,1828,0.858178382,N,Y,1
943,963,04/12/2004,2009,9,1750,42.3756237,Y,Y,1
355,960,30/01/2005,2009,9,1694,53.98871096,N,Y,1
1497,964,22/02/2004,2009,9,2038,90.24206588,N,Y,1
1694,965,04/01/2008,2009,9,630,27.71547847,N,N,1
1502,994,16/09/2004,2009,10,1842,107.4176128,N,N,1
1729,981,14/04/2008,2009,10,541,-25.76689201,N,N,1
1510,968,26/08/2005,2009,11,1548,86.00156888,N,Y,1
1511,969,26/08/2005,2009,11,1553,60.01230266,N,Y,1
445,970,03/09/2006,2009,11,1183,29.6507101,N,Y,1
711,977,04/08/2005,2009,12,1582,54.40791944,N,Y,1
948,971,12/03/2005,2009,12,1728,39.79412907,N,Y,1
815,972,23/11/2003,2009,12,2204,109.9428243,N,Y,1
355,974,30/01/2005,2009,12,1773,147.299225,Y,Y,1
1516,976,24/02/2006,2009,12,1384,76.19730641,Y,Y,1
1501,975,16/09/2004,2009,12,1912,33.18321391,N,Y,1
943,973,04/12/2004,2009,12,1835,66.44926366,Y,Y,1
1039,978,20/01/2004,2009,12,2154,93.69839925,Y,Y,1
1497,979,22/02/2004,2009,12,2124,61.245859,N,Y,1
2052,1268,31/10/2008,2009,12,422,61.31482091,N,Y,0
1521,1128,01/02/2007,2010,1,1072,NA,N,N,0
1695,1219,04/01/2008,2010,1,737,60.59309725,N,N,0
1519,1129,25/01/2007,2010,1,1082,44.05311958,Y,N,0
2054,982,31/10/2008,2010,1,443,28.48128915,N,N,1
1724,980,04/04/2008,2010,1,657,NA,N,N,0
1729,1149,14/04/2008,2010,1,650,NA,N,N,0
1728,1150,14/04/2008,2010,1,651,NA,N,N,0
1780,1304,14/10/2008,2010,1,469,71.17534247,N,N,0
1694,1388,04/01/2008,2010,1,753,54.12805782,N,N,0
2172,1130,06/11/2008,2010,1,447,49.5138431,N,N,0
1809,1326,06/11/2008,2010,1,451,70.47774892,N,N,0
1768,1220,24/08/2008,2010,2,530,NA,N,N,0
711,1353,04/08/2005,2010,2,1647,NA,N,Y,0
1889,1334,24/01/2008,2010,2,746,193.1586269,N,N,0
1510,983,26/08/2005,2010,2,1628,20.9120493,N,Y,1
1511,984,26/08/2005,2010,2,1632,-5.53220259,Y,Y,1
1501,988,16/09/2004,2010,2,1983,8.924732986,N,Y,0
948,985,12/03/2005,2010,2,1807,-13.79714402,N,Y,1
445,986,03/09/2006,2010,2,1267,32.55880623,N,Y,1
815,987,23/11/2003,2010,2,2282,13.14180149,N,Y,1
1773,1348,18/09/2008,2010,2,525,NA,N,N,0
1502,1153,16/09/2004,2010,2,1989,229.2644143,N,N,1
1516,990,24/02/2006,2010,2,1465,NA,Y,Y,0
355,989,30/01/2005,2010,3,1857,54.35614468,Y,Y,1
1497,991,22/02/2004,2010,3,2207,61.9606936,Y,Y,1
1783,1305,14/10/2008,2010,3,515,NA,Y,N,0
2052,1269,31/10/2008,2010,3,501,26.36523884,Y,Y,0
1680,993,10/12/2007,2010,3,834,48.85475906,Y,N,0
1681,1032,10/12/2007,2010,3,837,25.12485643,N,Y,1
1762,1374,22/08/2008,2010,3,585,62.0109841,N,N,0
1502,1335,16/09/2004,2010,4,2023,-28.90872984,N,Y,0
1759,1131,17/08/2008,2010,4,593,78.0919174,N,N,0
1695,1389,04/01/2008,2010,4,822,29.85594117,N,N,0
2054,1270,31/10/2008,2010,4,536,12.66213513,Y,N,0
1510,995,26/08/2005,2010,4,1708,69.90008506,N,Y,1
1681,1354,10/12/2007,2010,6,915,39.31254156,Y,Y,0
948,1390,12/03/2005,2010,6,1920,19.91514278,N,Y,0
2054,1416,31/10/2008,2010,7,630,39.08312144,Y,N,0
815,996,23/11/2003,2010,8,2452,77.68277587,N,Y,1
1511,997,26/08/2005,2010,8,1812,99.01040485,Y,Y,1
1502,992,16/09/2004,2010,8,2161,72.83299437,N,Y,0
943,998,04/12/2004,2010,8,2083,73.13299359,Y,Y,1
1838,1363,18/01/2009,2010,8,578,NA,N,N,0
2052,1417,31/10/2008,2010,8,660,31.97798473,Y,Y,0
445,999,03/09/2006,2010,8,1451,42.26564356,N,Y,1
355,1000,30/01/2005,2010,8,2032,77.11488117,Y,Y,1
1681,1001,10/12/2007,2010,8,990,38.96715008,Y,Y,1
1516,1002,24/02/2006,2010,9,1652,46.79637623,Y,Y,0
1497,1327,22/02/2004,2010,9,2387,7.370993096,Y,Y,0
1783,1306,14/10/2008,2010,9,704,NA,Y,N,0
2155,1307,08/09/2009,2010,9,375,19.84018989,N,N,0
1510,1003,26/08/2005,2010,9,1850,27.39072391,N,Y,1
2110,1289,17/09/2009,2010,9,368,52.81516854,N,N,0
2064,1004,17/03/2009,2010,9,560,30.74800053,Y,N,1
815,1208,23/11/2003,2010,10,2530,-27.17239439,N,Y,1
1511,1022,26/08/2005,2010,10,1891,-80.58204067,Y,Y,1
2052,1271,31/10/2008,2010,10,729,47.71301423,Y,Y,0
948,1221,12/03/2005,2010,11,2063,-8.833290919,N,Y,1
1516,1432,24/02/2006,2010,11,1714,1.407137817,Y,Y,0
1502,1154,16/09/2004,2010,11,2244,42.70309033,N,Y,1
355,1279,30/01/2005,2010,11,2108,-54.42550908,Y,Y,0
943,1005,04/12/2004,2010,11,2174,NA,Y,Y,1
1497,1006,22/02/2004,2010,11,2471,-27.07007187,Y,Y,1
1510,1007,26/08/2005,2010,12,1928,26.60616143,N,Y,1
445,1008,03/09/2006,2010,12,1558,-10.60606965,N,Y,1
1981,1375,30/03/2009,2010,12,619,-52.20303323,N,N,0
2104,1473,17/08/2008,2011,1,867,NA,Y,N,0
1801,1376,09/11/2008,2011,1,788,32.45386091,N,N,0
815,1009,23/11/2003,2011,1,2612,NA,N,Y,1
1511,1010,26/08/2005,2011,1,1970,-33.02184298,Y,Y,1
1799,1377,09/11/2008,2011,1,801,-56.28364642,N,N,0
2052,1012,31/10/2008,2011,1,811,-47.85444062,Y,Y,1
1516,1015,24/02/2006,2011,1,1792,NA,Y,Y,0
948,1011,12/03/2005,2011,1,2142,NA,N,Y,1
1502,1016,16/09/2004,2011,1,2324,59.58284783,N,Y,1
355,1014,30/01/2005,2011,1,2190,38.35706615,Y,Y,1
1838,1364,18/01/2009,2011,1,741,33.70211492,N,N,0
1681,1017,10/12/2007,2011,1,1147,32.3755524,Y,Y,1
1797,1378,09/11/2008,2011,1,813,48.36155714,N,N,0
2076,1423,01/12/2008,2011,2,793,NA,N,N,0
2079,1424,01/12/2008,2011,2,795,-11.14249178,N,N,0
1987,1379,14/09/2009,2011,2,510,63.24268231,N,N,0
943,1018,04/12/2004,2011,2,2256,-25.84988893,Y,Y,1
1695,1391,04/01/2008,2011,2,1133,NA,N,N,0
2008,1392,04/12/2009,2011,2,436,9.23657841,N,N,0
1964,1365,19/09/2009,2011,2,516,26.28080183,N,N,0
1767,1393,24/08/2008,2011,2,907,NA,N,N,0
1768,1394,24/08/2008,2011,2,912,NA,N,N,0
1510,1021,26/08/2005,2011,2,2007,29.46283411,N,Y,1
1992,1380,21/02/2010,2011,2,367,NA,N,N,0
2082,1425,20/09/2009,2011,2,521,72.10045208,N,N,0
1743,1366,14/08/2008,2011,2,924,NA,N,N,0
1965,1367,19/09/2009,2011,2,525,54.37231781,Y,N,0
445,1019,03/09/2006,2011,2,1638,73.4235854,N,Y,1
2002,1396,15/09/2009,2011,2,530,101.0160606,N,N,0
1497,1020,22/02/2004,2011,2,2563,9.697888054,Y,Y,1
1705,1308,08/02/2008,2011,3,1121,80.33362874,N,N,0
1884,1328,09/03/2010,2011,3,368,86.68099519,N,N,0
815,1381,23/11/2003,2011,3,2670,116.2271436,N,Y,0
1991,1209,05/12/2009,2011,3,468,51.23468403,N,N,1
2052,1418,31/10/2008,2011,3,873,23.49313064,Y,Y,0
1511,1023,26/08/2005,2011,4,2051,30.47562371,Y,Y,1
1743,1368,14/08/2008,2011,4,969,-13.00632797,N,N,0
943,1369,04/12/2004,2011,4,2319,-25.28833755,Y,Y,0
2062,1024,17/03/2009,2011,4,758,NA,N,N,1
1797,1210,09/11/2008,2011,4,886,79.28635059,N,N,1
2110,1459,17/09/2009,2011,4,579,75.76033889,Y,N,0
1846,1397,29/01/2009,2011,4,813,-1.268647701,N,N,0
1987,1025,14/09/2009,2011,4,586,107.066288,N,N,0
2108,1290,17/09/2009,2011,5,596,48.71635617,Y,N,0
1810,1026,11/11/2008,2011,5,908,77.55859343,N,N,1
1695,1033,04/01/2008,2011,5,1220,59.14591749,N,N,1
1838,1030,18/01/2009,2011,5,841,16.30929447,N,N,0
355,1028,30/01/2005,2011,8,2374,NA,Y,Y,1
1511,1443,26/08/2005,2011,8,2168,NA,Y,N,0
943,1201,04/12/2004,2011,8,2437,79.63042143,Y,Y,1
815,1029,23/11/2003,2011,8,2822,116.8484627,N,Y,1
1510,1031,26/08/2005,2011,8,2180,89.40932689,N,Y,1
1801,1382,09/11/2008,2011,8,1009,NA,N,N,0
1497,1132,22/02/2004,2011,8,2732,75.66445339,Y,Y,1
948,1222,12/03/2005,2011,8,2352,NA,N,Y,0
1705,1460,08/02/2008,2011,8,1289,NA,N,N,0
1783,1446,14/10/2008,2011,8,1041,115.4983873,Y,Y,1
2108,1291,17/09/2009,2011,8,710,72.98266009,Y,Y,0
1846,1395,29/01/2009,2011,8,944,131.7877444,N,N,1
1875,1133,16/12/2009,2011,9,627,NA,N,N,1
1681,1177,10/12/2007,2011,9,1364,3.968176414,Y,Y,0
1502,1155,16/09/2004,2011,9,2546,114.3833024,N,Y,1
1872,1253,21/09/2009,2011,9,715,NA,N,Y,0
2120,1292,03/09/2010,2011,9,370,105.6794246,N,N,0
445,1165,03/09/2006,2011,9,1832,44.59770079,N,Y,0
1907,1156,02/10/2009,2011,9,708,57.51495535,N,N,0
2079,1280,01/12/2008,2011,9,1014,NA,N,N,0
2161,1444,26/11/2009,2011,9,654,47.05388641,N,N,0
2116,1293,28/02/2010,2011,9,562,NA,Y,N,0
2115,1433,28/02/2010,2011,9,563,NA,Y,N,0
1965,1202,19/09/2009,2011,9,728,NA,Y,N,0
1932,1166,21/02/2010,2011,9,576,90.35625137,N,N,0
1942,1355,15/09/2009,2011,9,741,69.64250825,N,N,0
1955,1357,26/03/2010,2011,9,550,66.25647126,Y,N,0
1843,2198,22/01/2009,2011,9,978,NA,Y,N,1
2008,1398,04/12/2009,2011,9,663,43.32621476,N,N,0
1934,1167,21/02/2010,2011,9,586,66.21636158,N,N,0
1937,1350,24/08/2010,2011,10,406,-6.52933367,N,N,1
2002,1223,15/09/2009,2011,10,750,102.6445333,N,N,0
1695,1399,04/01/2008,2011,10,1372,NA,N,N,0
1743,1471,14/08/2008,2011,10,1154,NA,N,N,0
355,1281,30/01/2005,2011,10,2450,56.40851089,Y,Y,0
943,1203,04/12/2004,2011,10,2519,-58.70323567,Y,Y,0
1510,1300,26/08/2005,2011,11,2259,-38.07555261,N,Y,1
1838,1338,18/01/2009,2011,11,1018,NA,N,N,0
1681,1356,10/12/2007,2011,11,1423,51.52558837,Y,Y,0
2052,1419,31/10/2008,2011,11,1097,-59.15356367,Y,Y,0
1497,1134,22/02/2004,2011,11,2811,30.29935939,Y,Y,1
2082,1426,20/09/2009,2011,11,776,-17.80782439,N,N,0
2115,1434,28/02/2010,2011,11,615,NA,Y,N,0
1783,1447,14/10/2008,2011,11,1119,-42.78115217,Y,Y,0
2087,1427,08/12/2009,2011,11,700,NA,N,N,0
2089,1428,02/03/2010,2011,11,616,NA,N,N,0
1801,1454,09/11/2008,2011,11,1094,-44.16930682,N,N,0
445,1349,03/09/2006,2011,11,1896,4.840923007,N,Y,0
1964,1370,19/09/2009,2011,11,787,NA,N,N,0
2161,1448,26/11/2009,2011,11,726,-52.37071502,N,N,0
1502,1157,16/09/2004,2011,11,2624,-46.65456699,N,Y,1
1884,1331,09/03/2010,2011,11,625,NA,Y,N,0
1877,1254,16/12/2009,2011,12,716,54.78932317,N,N,0
2062,1420,17/03/2009,2011,12,1007,-88.94133963,N,N,0
1767,1461,24/08/2008,2011,12,1214,-22.23632948,N,N,0
2069,1421,28/09/2010,2011,12,450,-86.87951897,N,N,0
815,1211,23/11/2003,2011,12,2956,-59.19151638,N,Y,1
2351,1465,17/11/2010,2012,1,411,17.70258041,N,N,0
1695,1464,04/01/2008,2012,1,1461,-89.86763676,N,N,0
1753,1358,18/08/2008,2012,1,1237,NA,Y,N,0
2120,1294,03/09/2010,2012,1,492,-32.97789454,N,Y,1
355,1282,30/01/2005,2012,1,2535,-4.931654287,Y,Y,1
2132,1441,16/08/2008,2012,1,1241,-38.48415212,N,N,0
1989,1212,05/12/2009,2012,1,770,-34.17044127,N,N,1
1743,1163,14/08/2008,2012,1,1250,NA,N,N,1
943,1204,04/12/2004,2012,1,2599,-158.2665661,Y,Y,1
1917,1337,26/02/2010,2012,1,689,18.07475984,N,N,0
1846,1400,29/01/2009,2012,1,1087,-91.56319156,N,N,0
1681,1178,10/12/2007,2012,1,1504,-63.57969953,Y,Y,1
2052,1275,31/10/2008,2012,1,1178,NA,Y,Y,1
1965,1371,19/09/2009,2012,1,855,-47.44368591,Y,N,0
1510,1301,26/08/2005,2012,1,2344,-47.41124858,N,Y,1
2076,1283,01/12/2008,2012,1,1152,NA,N,N,1
1873,1255,21/09/2009,2012,2,872,42.99999711,N,Y,1
1502,1158,16/09/2004,2012,2,2705,27.30663156,N,Y,1
445,1168,03/09/2006,2012,2,1994,0.69135163,N,Y,1
1964,1205,19/09/2009,2012,2,888,NA,N,N,0
948,1224,12/03/2005,2012,2,2542,53.37880648,N,Y,1
1858,1159,22/02/2009,2012,2,1102,49.36714534,N,N,0
1783,1309,14/10/2008,2012,3,1234,36.58611627,Y,Y,0
1877,1411,16/12/2009,2012,3,806,91.17406067,N,N,0
1991,1452,05/12/2009,2012,3,818,41.21390735,N,N,0
1872,1256,21/09/2009,2012,3,895,123.7184694,N,N,0
943,1472,04/12/2004,2012,3,2653,NA,Y,Y,0
2400,1467,30/01/2011,2012,3,407,75.11187876,N,N,0
2161,1310,26/11/2009,2012,3,839,NA,N,N,0
2377,1311,17/01/2011,2012,3,422,80.49840472,N,N,1
1875,1332,16/12/2009,2012,3,820,NA,N,N,1
2079,1474,01/12/2008,2012,3,1200,NA,N,N,0
2004,1225,25/09/2009,2012,3,905,NA,N,N,0
2008,1226,04/12/2009,2012,3,835,72.83229993,N,N,0
2356,1137,28/11/2010,2012,3,479,53.64887702,N,N,0
2006,1227,25/09/2009,2012,3,909,NA,N,N,0
2002,1475,15/09/2009,2012,3,926,68.52346517,N,N,0
2044,1410,15/07/2010,2012,4,630,-4.365374592,Y,N,0
948,1484,12/03/2005,2012,8,2723,-13.00950126,N,Y,0
2079,1481,01/12/2008,2012,9,1375,NA,N,Y,0
1497,1478,22/02/2004,2012,9,3123,-12.72144479,Y,Y,0
943,1482,04/12/2004,2012,9,2838,9.415037176,Y,Y,0
2082,1493,20/09/2009,2012,9,1091,88.90064628,N,Y,1
1875,1500,16/12/2009,2012,9,1005,-27.85273176,N,N,0
1873,1490,21/09/2009,2012,9,1092,12.35417773,N,Y,1
1783,1495,14/10/2008,2012,9,1437,50.94968021,Y,Y,0
1502,1506,16/09/2004,2012,9,2926,-16.00757894,N,Y,0
1843,1480,22/01/2009,2012,9,1341,15.71027799,Y,Y,0
1743,1485,14/08/2008,2012,9,1502,62.26630382,Y,Y,0
1955,1501,26/03/2010,2012,9,914,21.89027768,Y,N,0
2052,1491,31/10/2008,2012,9,1426,66.01283023,Y,Y,1
815,1483,23/11/2003,2012,9,3232,-7.898571313,N,Y,1
948,1503,12/03/2005,2012,9,2759,-14.52326849,N,Y,0
2422,1499,08/04/2011,2012,10,543,-6.638343376,N,N,0
1965,1509,19/09/2009,2012,10,1112,37.71773704,Y,N,0
2076,1492,01/12/2008,2012,10,1405,41.36107451,N,Y,1
2351,1508,17/11/2010,2012,10,692,18.93020073,N,N,1
1846,1504,29/01/2009,2012,10,1351,65.23577141,N,N,0
2400,1502,30/01/2011,2012,10,627,58.42163277,Y,N,1
1907,1507,02/10/2009,2012,10,1118,-0.930862734,N,N,0
1858,1517,22/02/2009,2012,10,1341,-6.476743979,N,N,0
2382,1533,20/01/2011,2012,10,644,-45.66921472,N,N,0
445,1511,03/09/2006,2012,10,2245,-1.153000576,N,Y,1
1843,1535,22/01/2009,2012,11,1392,115.314669,Y,Y,0
2042,1537,15/07/2010,2012,11,858,0.658166246,Y,N,0
943,1543,04/12/2004,2012,11,2907,53.85883069,Y,Y,0
1510,1557,26/08/2005,2012,11,2642,-47.53108242,N,Y,1
2052,1531,31/10/2008,2012,11,1482,44.73126521,Y,Y,0
1875,1547,16/12/2009,2012,11,1071,87.3157213,N,N,0
815,1577,23/11/2003,2012,11,3290,47.34469765,N,Y,0
948,1541,12/03/2005,2012,11,2816,-43.54174841,N,Y,0
1497,1545,22/02/2004,2012,11,3200,-50.46183568,Y,N,0
2076,1561,01/12/2008,2012,11,1457,-7.500324877,N,Y,0
2082,1529,20/09/2009,2012,11,1165,90.05954707,N,Y,0
1838,1579,18/01/2009,2012,11,1412,NA,N,N,0
1502,1527,16/09/2004,2012,12,3004,-25.51276973,N,Y,1
1743,1551,14/08/2008,2012,12,1583,50.25275559,Y,Y,1
2161,1585,26/11/2009,2012,12,1114,38.31187362,N,Y,0
2382,1597,20/01/2011,2012,12,694,-53.06911422,N,N,0
1783,1563,14/10/2008,2012,12,1525,87.64254055,Y,Y,1
1964,1581,19/09/2009,2013,1,1207,NA,N,Y,0
445,1603,03/09/2006,2013,1,2323,NA,N,Y,0
2006,1621,25/09/2009,2013,1,1207,128.7441499,N,N,0
1695,1615,04/01/2008,2013,1,1838,-2.168538569,N,N,0
2008,1631,04/12/2009,2013,1,1138,15.49093254,N,N,0
2377,1595,17/01/2011,2013,1,730,70.8924482,Y,N,0
1767,1617,24/08/2008,2013,1,1607,-16.09418324,N,N,0
2081,1605,20/09/2009,2013,1,1217,-25.01887631,N,N,0
2356,1611,28/11/2010,2013,1,785,113.2699095,N,N,0
2689,1599,04/09/2011,2013,1,506,-12.60883044,N,N,0
2445,1607,01/08/2011,2013,1,540,NA,N,N,0
1884,1609,09/03/2010,2013,1,1051,67.18230212,Y,N,0
2693,1601,22/01/2012,2013,1,368,32.59849988,N,N,0
815,1653,23/11/2003,2013,1,3350,-82.90913494,N,Y,0
2515,1613,28/02/2011,2013,1,697,41.07978392,N,N,0
1991,1627,05/12/2009,2013,1,1147,NA,N,N,0
1510,1667,26/08/2005,2013,1,2713,-107.5484592,Y,Y,0
1872,1625,21/09/2009,2013,1,1227,12.9316474,N,N,0
2516,1645,04/09/2011,2013,1,515,100.2242402,N,N,0
1801,1651,09/11/2008,2013,2,1550,-1.471827991,N,N,0
2354,1641,17/11/2010,2013,2,813,3.323691939,N,N,0
943,1639,04/12/2004,2013,2,2988,-55.67785136,Y,Y,0
2082,1649,20/09/2009,2013,2,1237,10.05581347,N,Y,0
2052,1663,31/10/2008,2013,2,1566,6.146235087,Y,Y,0
2451,1655,15/08/2011,2013,2,554,-30.27300559,N,N,0
1838,1677,18/01/2009,2013,2,1493,NA,N,N,0
1989,1659,05/12/2009,2013,2,1175,-14.37998471,N,N,0
2358,1647,28/11/2010,2013,2,821,116.6409772,N,Y,0
2150,1685,19/09/2010,2013,3,896,-12.41963217,N,N,0
1965,1673,19/09/2009,2013,3,1262,-67.3028536,Y,N,0
2562,1681,03/02/2011,2013,3,760,-10.68166365,N,N,0
2357,1679,28/11/2010,2013,3,830,43.944315,Y,N,0
2149,1683,30/04/2010,2013,3,1046,-23.8083248,N,N,0
815,1689,23/11/2003,2013,3,3396,-217.2463778,N,Y,0
445,1691,03/09/2006,2013,3,2382,-116.9322488,N,Y,0
1783,1693,14/10/2008,2013,3,1619,-156.2302566,Y,Y,0
2555,1707,18/02/2012,2013,6,489,-4.841051444,N,N,0
2357,1701,28/11/2010,2013,7,949,70.96803083,Y,Y,0
2082,1703,20/09/2009,2013,7,1395,59.38545776,N,Y,1
815,1713,23/11/2003,2013,7,3535,-87.31819353,N,Y,0
2149,1705,30/04/2010,2013,8,1189,27.07712606,N,Y,0
1783,1721,14/10/2008,2013,8,1753,-16.88696454,Y,Y,0
2076,1719,01/12/2008,2013,8,1721,87.22936501,N,Y,0
1695,1715,04/01/2008,2013,8,2056,52.13367411,N,Y,1
1497,1725,22/02/2004,2013,8,3469,-1.255767452,Y,N,0
1873,1739,21/09/2009,2013,9,1445,44.74933884,N,Y,0
2052,1717,31/10/2008,2013,9,1782,30.1385098,Y,Y,0
1502,1729,16/09/2004,2013,9,3288,-12.79417446,N,Y,0
2149,1745,30/04/2010,2013,9,1237,14.41780434,N,N,0
2438,1731,27/01/2011,2013,9,970,-31.62400606,N,N,0
2357,1741,28/11/2010,2013,9,1032,31.64225515,Y,Y,0
2741,1733,12/02/2012,2013,9,593,21.45080599,N,N,1
2161,1735,26/11/2009,2013,9,1402,NA,N,Y,0
943,1747,04/12/2004,2013,9,3222,-28.38821777,Y,Y,1
1872,1723,21/09/2009,2013,10,1471,NA,N,N,1
2150,1743,19/09/2010,2013,10,1109,5.966867148,N,Y,1
2002,1757,15/09/2009,2013,10,1481,62.47321021,N,N,0
2382,1767,20/01/2011,2013,10,991,3.953352894,Y,N,1
2622,1753,14/01/2012,2013,10,635,-9.749746346,N,Y,0
1884,1787,09/03/2010,2013,10,1316,36.94857729,Y,N,0
1846,1755,29/01/2009,2013,10,1722,23.68644514,N,N,0
2515,1761,28/02/2011,2013,10,962,13.5546124,N,N,0
2357,1783,28/11/2010,2013,10,1055,-47.09984715,Y,Y,0
2785,1779,15/03/2012,2013,10,593,-1.559830017,N,N,1
2728,1773,14/03/2012,2013,11,601,6.725659694,N,N,0
2081,1765,20/09/2009,2013,11,1514,14.65218288,Y,N,0
445,1777,03/09/2006,2013,11,2634,79.09091614,N,Y,1
2727,1769,14/03/2012,2013,11,616,39.08858519,N,N,0
2795,1793,17/09/2012,2013,12,444,48.03724797,N,N,0
2082,1785,20/09/2009,2013,12,1538,-60.73029745,N,Y,1
2438,1795,27/01/2011,2013,12,1053,37.40462176,N,Y,1
1997,1791,10/08/2010,2013,12,1226,112.8177727,Y,Y,1
2445,1823,01/08/2011,2013,12,870,NA,N,N,0
2161,1829,26/11/2009,2013,12,1483,NA,N,Y,1
2081,1815,20/09/2009,2013,12,1554,NA,Y,Y,1
2382,1801,20/01/2011,2013,12,1073,13.6528656,Y,Y,0
1695,1811,04/01/2008,2013,12,2187,27.72640869,N,Y,0
2150,1813,19/09/2010,2014,1,1201,28.02193599,Y,Y,1
2642,1817,26/02/2012,2014,1,683,94.62143184,N,N,1
2741,1849,12/02/2012,2014,1,701,35.25285229,N,N,0
2515,1869,28/02/2011,2014,1,1051,90.28252643,N,Y,0
2529,1851,06/09/2011,2014,1,863,NA,N,N,0
1877,1857,16/12/2009,2014,1,1495,39.43859319,N,Y,1
2795,1871,17/09/2012,2014,1,489,119.4114449,N,N,0
2728,1847,14/03/2012,2014,1,679,102.1862744,N,N,0
2800,1839,26/09/2012,2014,1,485,80.54057997,Y,N,1
2785,1833,15/03/2012,2014,1,681,32.94189067,N,N,0
2386,1861,22/01/2011,2014,1,1105,NA,N,N,0
2819,1855,09/10/2012,2014,2,480,84.37929087,N,N,0
2552,1875,27/02/2011,2014,2,1073,NA,N,N,0
2562,1835,03/02/2011,2014,2,1098,106.265414,N,N,1
445,1873,03/09/2006,2014,2,2715,105.1722391,N,Y,1
943,1799,04/12/2004,2014,2,3354,-49.0704065,Y,Y,0
2727,1863,14/03/2012,2014,2,704,145.9678192,N,N,1
2354,1865,17/11/2010,2014,2,1190,NA,N,N,0
1846,1859,29/01/2009,2014,2,1848,NA,N,N,0
2082,1891,20/09/2009,2014,2,1621,NA,N,Y,1
2805,1917,15/09/2012,2014,2,530,119.4038198,N,N,0
2612,1867,16/01/2012,2014,3,776,NA,N,N,1
2432,1877,08/05/2011,2014,3,1030,NA,N,N,1
445,1949,03/09/2006,2014,3,2738,-42.35808817,N,Y,0
2347,1879,27/10/2010,2014,3,1225,92.3562033,N,N,0
2515,1885,28/02/2011,2014,3,1103,52.11229813,N,Y,1
1997,1887,10/08/2010,2014,3,1305,29.71803176,Y,Y,0
2554,1909,18/02/2012,2014,3,748,-13.95095675,N,N,0
2560,1897,03/02/2011,2014,3,1129,NA,N,N,0
2438,1881,27/01/2011,2014,3,1137,-21.00707954,N,Y,1
2081,1899,20/09/2009,2014,3,1631,NA,Y,Y,1
2161,1925,26/11/2009,2014,3,1565,NA,N,Y,0
2555,1927,18/02/2012,2014,3,755,-14.78032287,N,N,0
2451,1911,15/08/2011,2014,3,943,136.4174509,N,N,0
2382,1901,20/01/2011,2014,3,1152,71.90161942,Y,Y,1
2427,1889,14/04/2011,2014,3,1069,0.723090237,N,N,1
2452,1893,15/08/2011,2014,3,946,82.77892867,N,Y,0
1695,1903,04/01/2008,2014,3,2265,107.1237684,N,Y,0
2150,1919,19/09/2010,2014,3,1278,47.07707742,Y,Y,0
2809,1923,26/09/2012,2014,3,540,49.8186831,N,N,0
2728,1937,14/03/2012,2014,3,744,70.07243509,N,Y,0
2621,1913,27/12/2011,2014,4,827,47.27030284,N,N,1
2800,1941,26/09/2012,2014,4,559,77.64808027,Y,N,0
1877,1929,16/12/2009,2014,4,1575,74.33119506,N,Y,0
2360,1915,06/12/2010,2014,4,1222,58.3268121,N,N,1
943,1959,04/12/2004,2014,4,3418,-1.348701693,Y,Y,0
2562,1933,03/02/2011,2014,4,1170,83.10712577,N,N,1
2795,1939,17/09/2012,2014,4,586,NA,N,N,1
2622,1943,14/01/2012,2014,4,834,84.21035291,N,Y,1
2386,1957,22/01/2011,2014,5,1201,NA,N,N,0
1846,1955,29/01/2009,2014,5,1929,NA,N,Y,1
2529,1979,06/09/2011,2014,5,986,42.18135681,N,N,0
2451,1975,15/08/2011,2014,5,1009,49.6176556,N,N,0
2560,1967,03/02/2011,2014,6,1215,NA,N,N,1
2452,1965,15/08/2011,2014,6,1033,58.67601509,N,Y,1
2818,1981,09/10/2012,2014,6,614,NA,N,N,1
2741,1977,12/02/2012,2014,6,855,71.23845481,N,N,1
2805,1987,15/09/2012,2014,6,640,169.0189974,N,Y,1
1877,1989,16/12/2009,2014,6,1653,88.03691169,N,Y,1
2360,1985,06/12/2010,2014,7,1304,29.39021309,N,Y,1
1846,2003,29/01/2009,2014,7,1993,8.052592906,N,Y,0
2554,1995,18/02/2012,2014,7,882,14.73311827,N,N,0
2386,2019,22/01/2011,2014,7,1282,4.432267873,N,N,0
1997,1993,10/08/2010,2014,7,1450,122.2921152,Y,Y,1
2809,2025,26/09/2012,2014,8,674,NA,N,N,0
2622,2009,14/01/2012,2014,8,931,-17.32279213,N,Y,0
2432,2021,08/05/2011,2014,8,1185,8.42620252,N,N,0
2800,2033,26/09/2012,2014,8,678,68.99117155,Y,N,0
2642,1999,26/02/2012,2014,8,896,41.28623431,N,Y,0
2560,2029,03/02/2011,2014,8,1287,-17.80553589,N,Y,0
2382,2005,20/01/2011,2014,8,1307,53.30617257,Y,Y,1
2728,2001,14/03/2012,2014,8,889,32.43795957,N,Y,1
445,1991,03/09/2006,2014,8,2916,65.23984769,N,Y,1
1877,2045,16/12/2009,2014,8,1717,59.69611267,N,Y,0
2438,2023,27/01/2011,2014,8,1312,90.26187054,N,Y,1
2805,2031,15/09/2012,2014,9,719,53.6971893,N,Y,0
2360,2037,06/12/2010,2014,9,1385,-17.93450851,N,Y,1
1846,2041,29/01/2009,2014,9,2063,-1.957202561,N,Y,1
2795,2047,17/09/2012,2014,9,737,4.489176386,N,N,0
2866,2059,16/07/2013,2014,10,447,-12.23360705,N,N,0
2728,2115,14/03/2012,2014,10,938,-7.99534914,N,Y,0
2809,2057,26/09/2012,2014,10,746,49.12888833,N,N,0
2150,2081,19/09/2010,2014,10,1487,1.45288739,Y,N,0
2560,2079,03/02/2011,2014,10,1359,20.97219627,N,Y,1
445,2087,03/09/2006,2014,10,2973,-31.47132623,N,Y,0
2642,2061,26/02/2012,2014,10,973,28.60236556,N,Y,0
2386,2071,22/01/2011,2014,10,1373,27.3656587,N,N,0
2562,2077,03/02/2011,2014,10,1366,62.73134888,N,N,1
2382,2065,20/01/2011,2014,11,1383,47.23379382,Y,Y,0
2554,2049,18/02/2012,2014,11,992,NA,N,Y,0
2882,2113,02/10/2013,2014,11,400,56.07000814,N,N,0
2741,2085,12/02/2012,2014,11,1003,-27.89093464,N,N,0
2555,2053,18/02/2012,2014,11,998,NA,N,N,1
2876,2089,21/08/2013,2014,11,451,-11.97327459,N,N,1
2805,2091,15/09/2012,2014,11,798,12.9599799,N,Y,1
2819,2103,09/10/2012,2014,11,778,77.73965769,N,Y,0
2818,2105,09/10/2012,2014,12,783,74.61876262,N,N,1
1997,2151,10/08/2010,2014,12,1575,25.59309174,Y,Y,0
2727,2129,14/03/2012,2014,12,997,-45.57935297,N,N,0
2438,2109,27/01/2011,2014,12,1412,18.01955778,N,Y,1
2795,2095,17/09/2012,2014,12,814,61.70535183,N,Y,1
1846,2111,29/01/2009,2014,12,2141,12.50348662,N,Y,0
2895,2135,01/10/2013,2014,12,439,79.06880314,N,N,0
2867,2141,16/07/2013,2014,12,517,NA,N,N,0
2642,2117,26/02/2012,2014,12,1031,27.669887,N,Y,0
2728,2127,14/03/2012,2014,12,1019,-37.02173473,N,Y,1
445,2131,03/09/2006,2015,1,3046,-2.487964481,N,Y,1
2807,2147,26/09/2012,2015,1,832,-4.802699177,N,N,0
2386,2121,22/01/2011,2015,1,1453,57.37691115,N,N,0
2529,2083,06/09/2011,2015,1,1227,-28.198069,N,N,0
2360,2155,06/12/2010,2015,1,1505,17.99312982,N,Y,0
2150,2137,19/09/2010,2015,1,1584,78.44519139,Y,N,1
2382,2143,20/01/2011,2015,1,1461,41.92304637,Y,Y,0
2948,2157,02/01/2014,2015,1,389,-11.46721673,N,N,1
2432,2165,08/05/2011,2015,1,1359,NA,N,N,1
2819,2183,09/10/2012,2015,1,842,-33.12238269,N,Y,0
2741,2163,12/02/2012,2015,2,1085,-7.533594198,N,N,1
2962,2173,19/01/2014,2015,2,378,-34.20902822,N,N,0
2866,2139,16/07/2013,2015,2,567,NA,N,N,0
2882,2246,02/10/2013,2015,2,489,NA,N,N,0
2555,2159,18/02/2012,2015,2,1082,-33.40793405,N,N,0
2809,2236,26/09/2012,2015,2,862,-46.14436142,N,N,0
2923,2179,11/12/2013,2015,2,426,-46.17616075,N,N,0
2886,2256,07/10/2013,2015,2,498,-86.67007135,N,N,0
2964,2262,19/01/2014,2015,2,398,33.95914503,N,N,0
2562,2240,03/02/2011,2015,2,1486,-68.42299244,N,N,0
2918,2161,06/12/2013,2015,3,450,-20.088962,N,N,0
2795,2250,17/09/2012,2015,3,896,-7.096048454,N,Y,1
2800,2264,26/09/2012,2015,3,887,-77.57021739,Y,N,0
2438,2254,27/01/2011,2015,3,1496,-63.44459712,N,Y,1
2867,2260,16/07/2013,2015,3,595,28.24158461,N,Y,0
2560,2175,03/02/2011,2015,3,1490,-22.99529873,N,Y,1
2919,2252,06/12/2013,2015,3,453,-43.39167287,N,N,1
2818,2185,09/10/2012,2015,3,877,-49.52585908,N,N,0
1846,2169,29/01/2009,2015,3,2227,-40.3444536,N,Y,1
2642,2193,26/02/2012,2015,3,1109,-72.44849708,N,Y,0
2554,2145,18/02/2012,2015,3,1119,-39.23565031,N,Y,1
2354,2314,17/11/2010,2015,3,1577,30.30026083,N,N,0
2360,2294,06/12/2010,2015,3,1562,-4.487779177,N,Y,0
2805,2242,15/09/2012,2015,3,914,-17.84593992,N,Y,0
2819,2290,09/10/2012,2015,3,890,NA,N,Y,0
2876,2300,21/08/2013,2015,3,577,-91.64972636,N,N,0
2879,2272,27/09/2013,2015,3,547,0.187508182,N,N,0
2931,2276,15/12/2013,2015,3,471,-33.75145468,N,N,0
2727,2292,14/03/2012,2015,4,1120,-29.48236415,N,N,0
2382,2278,20/01/2011,2015,4,1542,-17.46311641,Y,Y,0
3015,2298,17/03/2014,2015,4,390,-29.25270041,N,N,0
2923,2324,11/12/2013,2015,4,492,28.47006687,N,N,0
2555,2322,18/02/2012,2015,4,1160,-56.96531523,Y,N,0
2886,2286,07/10/2013,2015,4,569,-41.84517495,N,N,1
2963,2312,19/01/2014,2015,4,465,77.29463826,N,N,0
1846,2330,29/01/2009,2015,5,2283,NA,N,Y,0
2819,2336,09/10/2012,2015,6,978,NA,N,Y,1
2386,2342,22/01/2011,2015,6,1608,47.37820571,N,N,1
2818,2344,09/10/2012,2015,6,983,NA,N,N,0
2360,2334,06/12/2010,2015,6,1662,76.8222685,N,Y,1
1937,2362,24/08/2010,2015,6,1767,NA,N,N,1
2642,2340,26/02/2012,2015,7,1227,89.85577425,N,Y,1
2382,2338,20/01/2011,2015,7,1631,113.0113372,Y,Y,1
2795,2346,17/09/2012,2015,7,1035,26.16791178,N,Y,0
2867,2348,16/07/2013,2015,7,734,80.66841149,N,Y,1
2805,2350,15/09/2012,2015,7,1042,NA,N,Y,1
2972,2358,08/02/2014,2015,8,543,95.64176589,N,Y,1
2973,2356,08/02/2014,2015,8,544,127.5126039,N,N,1
2438,2352,27/01/2011,2015,8,1655,27.02181822,N,Y,1
3050,2370,26/04/2014,2015,8,473,57.96227827,N,N,0
2728,2364,14/03/2012,2015,8,1249,18.26269995,N,Y,0
2819,2354,09/10/2012,2015,9,1058,-5.335728016,N,Y,0
2642,2394,26/02/2012,2015,9,1292,-50.40291639,N,Y,0
2360,2378,06/12/2010,2015,9,1742,20.79084837,N,Y,1
2962,2376,19/01/2014,2015,9,603,41.83085115,N,N,0
2886,2388,07/10/2013,2015,9,709,68.07618621,N,N,0
2150,2374,19/09/2010,2015,9,1825,51.42470424,Y,N,1
1846,2382,29/01/2009,2015,9,2425,2.556974857,N,Y,1
2382,2390,20/01/2011,2015,9,1707,47.62612653,Y,Y,1
1937,2422,24/08/2010,2015,9,1858,NA,N,N,0
2560,2386,03/02/2011,2015,9,1697,18.32479417,N,Y,1
2818,2392,09/10/2012,2015,9,1083,NA,N,N,1
3088,2412,02/07/2014,2015,10,460,-1.674631854,N,N,0
2795,2384,17/09/2012,2015,10,1116,52.83264275,N,Y,1
2867,2410,16/07/2013,2015,10,816,NA,N,Y,1
2386,2398,22/01/2011,2015,10,1731,10.72127718,N,N,0
2876,2404,21/08/2013,2015,10,789,-7.184999393,N,N,0
2879,2418,27/09/2013,2015,10,762,17.89659324,N,N,0
2432,2475,08/05/2011,2015,11,1642,NA,N,N,0
2438,2428,27/01/2011,2015,11,1744,109.8654847,N,Y,1
2867,2460,16/07/2013,2015,11,852,2.192699427,Y,Y,0
2819,2432,09/10/2012,2015,11,1134,-21.20585689,N,Y,0
2908,2444,05/11/2013,2015,11,742,83.39716312,N,N,0
2150,2434,19/09/2010,2015,11,1889,59.08952511,Y,Y,0
2909,2454,05/11/2013,2015,11,746,109.6495118,N,N,0
2727,2438,14/03/2012,2015,11,1350,33.78427802,N,Y,0
2360,2452,06/12/2010,2015,11,1814,33.18123431,N,Y,0
2642,2426,26/02/2012,2015,12,1374,-60.24643619,N,Y,0
2805,2436,15/09/2012,2015,12,1172,-27.81710112,N,Y,0
2882,2446,02/10/2013,2015,12,790,64.71234062,N,N,0
2931,2473,15/12/2013,2015,12,716,-14.92064341,N,N,0
3068,2477,02/06/2014,2015,12,547,19.75511338,N,N,0
3088,2469,02/07/2014,2015,12,522,-17.9516235,N,N,0
2948,2458,02/01/2014,2015,12,704,64.39629744,N,N,0
3156,2488,01/12/2014,2015,12,372,-87.98871241,N,N,0
2800,2467,26/09/2012,2015,12,1169,NA,Y,N,0
1937,2464,24/08/2010,2015,12,1935,NA,N,N,0
2809,2479,26/09/2012,2015,12,1186,-33.36847575,N,N,0
2972,2471,08/02/2014,2015,12,689,16.64357074,N,Y,0
2819,2484,09/10/2012,2016,1,1187,NA,N,Y,0
2879,2481,27/09/2013,2016,1,838,-92.92092013,N,Y,0
2727,2492,14/03/2012,2016,1,1408,-117.2120422,N,Y,0
2931,2494,15/12/2013,2016,3,807,-155.2508051,N,N,1
2800,2496,26/09/2012,2016,3,1252,-22.61209505,Y,N,1
2879,2532,27/09/2013,2016,3,901,24.48828696,N,Y,0
2642,2498,26/02/2012,2016,3,1484,-31.00200713,N,Y,0
2949,2526,02/01/2014,2016,3,812,NA,N,N,0
2382,2518,20/01/2011,2016,3,1897,-29.62142027,Y,Y,0
2886,2520,07/10/2013,2016,4,910,18.75707215,N,N,0
2795,2536,17/09/2012,2016,4,1296,0.246120546,N,Y,0
2805,2558,15/09/2012,2016,4,1299,NA,N,Y,0
2438,2500,27/01/2011,2016,4,1900,-10.90760228,Y,Y,1
2360,2502,06/12/2010,2016,4,1952,17.53297792,N,Y,0
3113,2640,14/09/2014,2016,4,576,22.29978415,N,N,0
2948,2524,02/01/2014,2016,4,836,76.08136159,N,N,1
3050,2538,26/04/2014,2016,4,722,26.38569727,Y,N,0
2876,2510,21/08/2013,2016,4,972,16.76644594,N,N,1
2809,2516,26/09/2012,2016,4,1301,24.86510249,N,Y,1
3225,2570,03/03/2015,2016,4,413,4.660759297,N,N,0
3228,2548,03/03/2015,2016,4,414,NA,N,N,0
3088,2506,02/07/2014,2016,4,659,12.99539045,N,N,0
3111,2514,31/08/2014,2016,4,599,-9.653311076,N,N,0
2910,2550,05/11/2013,2016,4,898,52.97501789,N,N,0
3156,2560,01/12/2014,2016,4,511,-29.39028849,N,N,1
3068,2530,02/06/2014,2016,4,694,NA,N,N,0
3212,2540,02/03/2015,2016,4,424,38.36588904,N,N,1
3136,2542,24/10/2014,2016,4,553,22.76569577,N,N,0
3147,2546,22/11/2014,2016,4,525,-3.437220612,N,N,0
3214,2544,04/03/2015,2016,5,424,4.762744506,N,N,0
3211,2554,02/03/2015,2016,5,427,33.24148082,N,N,1
3150,2556,28/11/2014,2016,5,522,19.94504674,N,N,1
2987,2512,27/02/2014,2016,5,798,-9.249645638,N,N,1
3205,2566,02/03/2015,2016,5,430,81.66800453,N,N,0
3221,2568,04/03/2015,2016,5,438,NA,N,N,0
2642,2578,26/02/2012,2016,5,1556,50.82500185,N,Y,0
2438,2590,27/01/2011,2016,6,1970,40.39702319,Y,Y,0
3060,2574,12/05/2014,2016,6,775,NA,N,Y,0
3050,2580,26/04/2014,2016,6,791,94.82374405,Y,N,0
3111,2588,31/08/2014,2016,6,667,NA,N,N,0
2795,2576,17/09/2012,2016,7,1384,92.15354818,N,Y,1
3068,2600,02/06/2014,2016,7,764,NA,N,Y,0
2931,2602,15/12/2013,2016,7,934,NA,N,N,0
2819,2592,09/10/2012,2016,7,1367,NA,N,Y,1
2805,2598,15/09/2012,2016,7,1392,NA,Y,Y,0
2921,2586,11/12/2013,2016,7,942,99.23345141,N,Y,0
2382,2594,20/01/2011,2016,7,2000,131.9315561,Y,Y,1
2809,2572,26/09/2012,2016,7,1386,45.61931271,N,Y,0
3069,2614,02/06/2014,2016,7,778,NA,N,N,0
3111,2628,31/08/2014,2016,7,694,NA,N,N,0
3221,2604,04/03/2015,2016,7,510,NA,N,N,0
2997,2606,04/03/2014,2016,7,875,115.5929068,N,N,0
2879,2596,27/09/2013,2016,7,1035,109.8211232,Y,Y,0
2642,2610,26/02/2012,2016,7,1615,NA,N,Y,1
2360,2584,06/12/2010,2016,7,2064,86.44306948,N,Y,1
3208,2618,06/03/2015,2016,7,513,134.0169356,N,N,0
3228,2630,03/03/2015,2016,7,516,NA,N,N,0
3241,2612,29/04/2015,2016,8,465,34.39924227,N,N,0
3136,2616,24/10/2014,2016,8,652,NA,N,N,0
3214,2620,04/03/2015,2016,8,523,NA,N,N,0
3113,2624,14/09/2014,2016,8,694,NA,N,N,0
2886,2638,07/10/2013,2016,8,1048,NA,N,N,0
2948,2622,02/01/2014,2016,8,962,NA,N,N,0
2382,2654,20/01/2011,2016,9,2053,13.42881767,Y,Y,0
2438,2626,27/01/2011,2016,9,2047,82.8109056,Y,Y,1
3156,2658,01/12/2014,2016,9,643,-22.32183886,N,N,0
2931,2656,15/12/2013,2016,9,995,NA,Y,N,0
2968,2650,24/01/2014,2016,9,956,131.34475,N,N,0
3060,2642,12/05/2014,2016,9,851,152.1727656,N,Y,1
2727,2634,14/03/2012,2016,9,1644,79.24580956,N,Y,1
2910,2636,05/11/2013,2016,9,1044,138.2902075,Y,N,0
2997,2686,04/03/2014,2016,9,927,112.376477,N,N,0
3068,2660,02/06/2014,2016,9,847,NA,N,Y,0
2809,2652,26/09/2012,2016,9,1462,110.3947829,N,Y,1
2360,2664,06/12/2010,2016,9,2123,6.711468729,N,Y,0
3214,2696,04/03/2015,2016,9,574,13.54652524,N,N,0
2921,2662,11/12/2013,2016,9,1023,99.04368738,N,Y,0
3113,2688,14/09/2014,2016,9,746,86.8038438,Y,Y,0
3225,2700,03/03/2015,2016,10,585,68.50492109,N,N,0
3156,2694,01/12/2014,2016,10,679,-5.130646851,N,N,0
3069,2682,02/06/2014,2016,10,864,71.48877944,N,Y,0
2642,2666,26/02/2012,2016,10,1693,-36.68413116,N,Y,0
3111,2698,31/08/2014,2016,10,784,NA,N,N,1
3406,2706,14/06/2015,2016,10,498,-27.39420346,N,N,0
3227,2710,03/03/2015,2016,10,601,165.8213322,N,N,0
2886,2692,07/10/2013,2016,10,1117,146.1528671,N,N,0
3136,2684,24/10/2014,2016,10,738,125.5863287,N,N,1
3117,2676,21/09/2014,2016,11,778,-16.95851306,Y,N,0
3469,2702,07/07/2015,2016,11,489,74.71321605,N,N,1
2819,2678,09/10/2012,2016,11,1491,-57.25105325,N,Y,0
2809,2734,26/09/2012,2016,11,1512,-58.76302347,N,Y,0
2997,2716,04/03/2014,2016,11,996,9.449579416,N,N,0
2948,2724,02/01/2014,2016,11,1061,NA,N,N,0
2910,2708,05/11/2013,2016,11,1120,70.52074059,Y,N,0
3228,2732,03/03/2015,2016,12,639,39.97948029,N,N,0
2727,2722,14/03/2012,2016,12,1725,37.98553203,N,Y,0
3214,2742,04/03/2015,2016,12,640,-0.608356698,Y,Y,0
3225,2748,03/03/2015,2016,12,646,33.91841346,N,N,0
3208,2744,06/03/2015,2016,12,648,71.27548173,Y,Y,0
2360,2730,06/12/2010,2016,12,2200,1.524278981,N,Y,1
3241,2728,29/04/2015,2016,12,596,-43.18751455,N,N,0
2642,2740,26/02/2012,2016,12,1755,18.81285906,N,Y,0
2921,2746,11/12/2013,2016,12,1107,64.09186322,Y,Y,1
2876,2736,21/08/2013,2016,12,1225,-37.08244892,N,Y,1
3498,2756,12/08/2015,2016,12,507,14.73098244,Y,Y,0
3069,2738,02/06/2014,2017,1,945,16.16322378,N,Y,1
3117,2760,21/09/2014,2017,1,843,-22.68366672,Y,N,0
3156,2752,01/12/2014,2017,1,781,NA,N,N,1
2809,2774,26/09/2012,2017,1,1579,-36.16632014,Y,Y,0
2438,2762,27/01/2011,2017,2,2202,-64.43018806,Y,Y,1
3113,2766,14/09/2014,2017,2,880,NA,Y,N,0
2997,2770,04/03/2014,2017,2,1076,23.47587021,N,N,0
3469,2778,07/07/2015,2017,2,590,NA,N,Y,0
2727,2772,14/03/2012,2017,2,1806,NA,N,Y,1
2360,2782,06/12/2010,2017,3,2278,32.06364186,N,Y,1
3241,2776,29/04/2015,2017,3,676,83.58493602,N,Y,1
3225,2768,03/03/2015,2017,3,735,111.7509114,N,N,0
2921,2786,11/12/2013,2017,3,1185,132.5032942,Y,Y,1
3226,2796,03/03/2015,2017,3,740,-36.65329701,N,N,0
3069,2792,02/06/2014,2017,3,1015,49.67471835,N,Y,0
2876,2788,21/08/2013,2017,3,1305,22.83733248,N,Y,0
3228,2798,03/03/2015,2017,3,750,NA,N,N,0
3156,2806,01/12/2014,2017,3,847,14.84123046,N,Y,0
3406,2818,14/06/2015,2017,4,657,90.4608157,N,Y,0
3136,2802,24/10/2014,2017,4,898,43.00955553,N,N,1
3227,2808,03/03/2015,2017,4,770,36.89734455,N,N,1
3165,2816,09/12/2014,2017,4,860,NA,Y,N,0
3241,2828,29/04/2015,2017,5,740,-41.61111991,Y,Y,0
3225,2834,03/03/2015,2017,5,798,59.79988302,N,Y,0
2360,2830,06/12/2010,2017,5,2354,14.0959769,N,Y,1
3228,2836,03/03/2015,2017,6,840,-0.166469162,N,N,0
3156,2838,01/12/2014,2017,8,990,22.73538844,N,Y,0
2438,2840,27/01/2011,2017,8,2398,42.05850023,Y,Y,1
3577,2846,19/04/2016,2017,8,497,-17.19688763,N,Y,0
2876,2842,21/08/2013,2017,9,1472,30.61308592,N,Y,1
2727,2844,14/03/2012,2017,9,2013,21.03829516,N,Y,1
3069,2851,02/06/2014,2017,10,1247,-9.946862105,N,Y,0
2876,2859,21/08/2013,2017,11,1537,-14.7290993,N,Y,0
3156,2849,01/12/2014,2017,11,1074,-2.86564239,N,Y,1
3225,2857,03/03/2015,2017,11,987,24.14492233,N,Y,1
2360,2855,06/12/2010,2017,11,2537,-6.38748527,N,Y,1
3406,2853,14/06/2015,2017,11,892,-38.89748317,N,Y,0
2727,2865,14/03/2012,2017,11,2082,20.69897218,N,Y,0
2921,2867,11/12/2013,2017,11,1447,NA,Y,Y,1
3578,2863,19/04/2016,2017,12,591,50.76004092,N,Y,0
2727,2907,14/03/2012,2017,12,2115,-73.61963759,N,Y,0
3111,2873,31/08/2014,2018,1,1221,60.82521837,N,N,0
3227,2875,03/03/2015,2018,1,1037,84.81251135,N,N,0
3578,2909,19/04/2016,2018,1,626,48.05496623,N,Y,0
3671,2891,18/11/2016,2018,1,415,11.35141869,N,N,0
3634,2887,04/09/2016,2018,1,491,3.95726994,Y,Y,0
3579,2901,17/04/2016,2018,1,632,-68.5001499,N,N,0
3621,2877,29/07/2016,2018,1,531,-3.538396019,N,N,0
3668,2893,18/11/2016,2018,1,422,4.577895573,Y,N,0
2921,2915,11/12/2013,2018,1,1495,-48.42132275,Y,Y,0
3673,2899,18/11/2016,2018,1,423,NA,N,N,0
3664,2905,07/11/2016,2018,1,434,46.52382341,N,N,0
3661,2879,07/11/2016,2018,1,436,-29.78194366,N,N,0
3663,2881,07/11/2016,2018,1,438,1.810312047,N,N,0
3670,2889,18/11/2016,2018,1,429,NA,N,N,1
3069,2903,02/06/2014,2018,1,1329,-48.86782792,N,Y,0
2876,2897,21/08/2013,2018,1,1619,-88.53115812,N,Y,0
3225,2913,03/03/2015,2018,1,1061,15.57890816,Y,Y,0
3156,2895,01/12/2014,2018,1,1157,-57.01492126,N,Y,0
3136,2911,24/10/2014,2018,2,1197,23.58475445,N,N,1
2727,2923,14/03/2012,2018,2,2152,-26.8665157,N,Y,0
3713,2925,06/02/2017,2018,2,372,8.868642566,N,N,0
3503,2929,09/08/2015,2018,2,925,NA,N,N,0
3590,2937,25/04/2016,2018,2,666,-62.2239945,N,Y,0
3578,2919,19/04/2016,2018,2,675,NA,N,Y,1
3111,2943,31/08/2014,2018,2,1274,NA,N,N,0
3622,2939,29/07/2016,2018,2,577,-76.85231251,N,N,0
3621,2941,29/07/2016,2018,2,577,-73.3052028,N,Y,0
3610,2933,07/07/2016,2018,3,606,-72.18048366,Y,N,0
3623,2931,31/07/2016,2018,3,589,19.94474563,N,N,0
3590,2979,25/04/2016,2018,3,686,-5.432080542,N,Y,0
3716,2927,06/02/2017,2018,3,400,5.902487949,N,N,0
2997,2935,04/03/2014,2018,3,1483,-63.90616081,N,N,0
3678,2951,14/12/2016,2018,4,478,84.4401248,N,N,0
2921,2975,11/12/2013,2018,4,1578,15.19901344,Y,Y,1
3671,2957,18/11/2016,2018,4,506,116.2789229,N,N,0
3069,2959,02/06/2014,2018,4,1414,-4.204008715,N,Y,1
2360,2953,06/12/2010,2018,4,2690,-23.53974062,Y,Y,1
3668,2969,18/11/2016,2018,4,518,27.84595642,Y,Y,0
3579,2991,17/04/2016,2018,4,734,16.91934858,N,N,0
3656,2981,31/10/2016,2018,4,539,13.46960918,N,N,0
3673,2971,18/11/2016,2018,4,524,34.46928311,N,N,1
3156,2955,01/12/2014,2018,4,1244,-1.175142385,N,Y,1
2876,2965,21/08/2013,2018,5,1714,-21.70308714,N,Y,0
2727,2967,14/03/2012,2018,5,2240,-12.15336069,N,Y,1
3670,2977,18/11/2016,2018,5,533,58.87413126,Y,N,1
3627,2995,31/07/2016,2018,5,649,2.398673174,N,N,0
3227,2985,03/03/2015,2018,5,1168,NA,N,Y,1
2921,3007,11/12/2013,2018,6,1639,108.9596232,Y,Y,0
3503,3003,09/08/2015,2018,6,1042,NA,N,N,1
3622,2999,29/07/2016,2018,6,688,123.6440418,N,Y,0
2876,3019,21/08/2013,2018,6,1774,48.20589039,N,Y,0
2727,3011,14/03/2012,2018,7,2301,-17.72431884,N,Y,0
3661,3015,07/11/2016,2018,7,606,109.0346913,N,N,0
3664,3017,07/11/2016,2018,7,617,48.9346714,N,N,0
3156,3009,01/12/2014,2018,7,1325,-1.986214917,N,Y,1
3610,3001,07/07/2016,2018,7,742,135.7026477,Y,Y,1
3578,3013,19/04/2016,2018,7,822,NA,N,Y,1
3156,3027,01/12/2014,2018,9,1381,-37.91218616,N,Y,0
3610,3031,07/07/2016,2018,9,797,NA,Y,Y,0
2727,3025,14/03/2012,2018,9,2384,NA,N,Y,0
2876,3023,21/08/2013,2018,9,1862,-13.1775224,N,Y,1
2876,3045,21/08/2013,2018,11,1917,44.31152902,N,Y,0
3156,3041,01/12/2014,2018,12,1461,-34.92389229,N,Y,1
3503,3049,09/08/2015,2018,12,1218,62.27243646,N,Y,1
3227,3047,03/03/2015,2018,12,1380,83.9311065,N,Y,0
2727,3043,14/03/2012,2018,12,2467,70.19240111,N,Y,1
3069,3051,02/06/2014,2018,12,1663,136.1517339,Y,Y,1
2921,3057,11/12/2013,2018,12,1836,62.87266948,Y,Y,0
3578,3053,19/04/2016,2018,12,977,123.5203303,N,Y,0
3661,3055,07/11/2016,2018,12,777,161.9082875,N,Y,0
3678,3079,14/12/2016,2019,1,754,NA,Y,Y,0
3111,3065,31/08/2014,2019,1,1597,NA,Y,N,0
3664,3081,07/11/2016,2019,1,804,NA,N,N,0
3688,3093,02/01/2017,2019,1,749,63.8979061,Y,N,0
3225,3067,03/03/2015,2019,1,1421,120.6726088,Y,N,0
3702,3085,18/01/2017,2019,1,734,NA,N,N,0
3685,3091,02/01/2017,2019,1,751,NA,N,N,0
3676,3077,14/12/2016,2019,1,772,NA,Y,N,0
3679,3069,14/12/2016,2019,1,773,NA,Y,N,0
3819,3089,23/04/2017,2019,1,648,NA,Y,N,0
3746,3095,11/04/2017,2019,1,660,48.09446424,N,N,0
3156,3105,01/12/2014,2019,2,1523,4.591352274,N,Y,0
2876,3075,21/08/2013,2019,2,1997,47.76037025,N,Y,1
3911,3117,01/09/2017,2019,2,532,84.83863448,N,N,0
3227,3109,03/03/2015,2019,3,1460,36.44275364,N,Y,1
2727,3107,14/03/2012,2019,3,2548,-97.24342132,N,Y,1
3578,3111,19/04/2016,2019,3,1058,NA,N,Y,1
3069,3113,02/06/2014,2019,3,1745,-42.16463329,Y,Y,1
2921,3119,11/12/2013,2019,3,1918,-5.831206715,Y,Y,0
3916,3125,17/09/2017,2019,3,545,2.024902166,N,N,0
3684,3127,02/01/2017,2019,3,807,46.93197528,N,N,1
3687,3123,02/01/2017,2019,3,808,51.90144949,N,N,0
3949,3121,07/01/2018,2019,3,441,85.55023509,Y,Y,0
2876,3137,21/08/2013,2019,4,2049,45.81921957,N,Y,0
3688,3143,02/01/2017,2019,4,820,NA,Y,N,0
3676,3139,14/12/2016,2019,4,847,68.20952628,Y,N,0
3136,3131,24/10/2014,2019,4,1635,30.76996281,Y,Y,1
3503,3145,09/08/2015,2019,4,1347,-57.71797561,N,Y,1
3156,3129,01/12/2014,2019,4,1599,-6.757471727,N,Y,1
3679,3141,14/12/2016,2019,4,857,91.64144494,Y,N,0
3932,3151,27/11/2017,2019,5,528,29.34974664,N,N,1
2727,3157,14/03/2012,2019,5,2630,NA,N,Y,1
3069,3165,02/06/2014,2019,6,1826,3.237537765,Y,Y,1
3227,3181,03/03/2015,2019,8,1621,-19.48318587,N,Y,0
3156,3179,01/12/2014,2019,8,1717,-8.864300696,N,Y,0
2727,3175,14/03/2012,2019,8,2715,21.05738642,N,Y,1
3664,3173,07/11/2016,2019,8,1017,41.42252485,N,Y,0
4001,3183,14/05/2018,2019,8,474,-6.54373708,N,N,0
3156,3185,01/12/2014,2019,10,1782,0.901409034,N,Y,1
3819,3187,23/04/2017,2019,10,921,-37.05596037,Y,N,0
2727,3189,14/03/2012,2019,11,2796,-32.06794274,N,Y,1
3136,3191,24/10/2014,2019,11,1845,55.71493514,Y,Y,1
3069,3193,02/06/2014,2019,11,1994,12.98360933,Y,Y,1
3503,3197,09/08/2015,2019,11,1573,NA,N,Y,1
3227,3210,03/03/2015,2019,12,1748,114.247197,N,Y,1
3664,3204,07/11/2016,2019,12,1137,74.19678572,N,Y,1
3156,3212,01/12/2014,2020,1,1862,-23.75152148,N,Y,1
2727,3220,14/03/2012,2020,1,2876,69.32243709,N,Y,1
3136,3222,24/10/2014,2020,2,1926,115.691797,Y,Y,1
3976,3218,16/04/2018,2020,2,658,25.51624272,N,N,0
3069,3224,02/06/2014,2020,2,2075,NA,Y,Y,0
3503,3226,09/08/2015,2020,2,1649,55.54188511,N,Y,0
3989,3230,02/05/2018,2020,2,653,66.817116,N,N,0
4044,3240,15/12/2018,2020,2,428,38.81697945,N,N,0
3733,3232,10/03/2017,2020,2,1076,62.03761158,N,Y,0
3964,3238,23/02/2018,2020,2,730,56.42679344,N,N,0
3963,3236,23/02/2018,2020,2,733,NA,N,N,0
4021,3242,16/06/2018,2020,3,625,42.12264569,N,N,1
3664,3252,07/11/2016,2020,3,1219,-2.623609148,N,Y,1
4079,3256,02/03/2019,2020,3,389,59.63255134,N,N,0
4082,3258,02/03/2019,2020,3,393,101.8432057,N,N,0
4093,3278,13/03/2019,2020,3,382,18.49483377,N,N,0
4092,3270,13/03/2019,2020,4,386,2.327129689,N,N,0
4068,3274,08/02/2019,2020,4,426,81.15620653,N,N,0
3916,3292,17/09/2017,2020,4,935,-10.65781153,N,N,0
4069,3276,08/02/2019,2020,4,427,75.17249337,N,N,0
3929,3272,14/11/2017,2020,4,883,6.003547889,N,N,0
3733,3302,10/03/2017,2020,4,1132,NA,N,Y,0
3136,3282,24/10/2014,2020,4,2008,60.67971419,Y,Y,1
4005,3284,20/07/2018,2020,4,643,10.03557908,N,N,0
3227,3294,03/03/2015,2020,4,1880,NA,N,Y,1
3069,3286,02/06/2014,2020,4,2157,33.51261246,Y,Y,1
3503,3288,09/08/2015,2020,4,1725,NA,N,Y,1
4111,3300,18/04/2019,2020,5,389,NA,N,N,0
3156,3298,01/12/2014,2020,5,1993,NA,N,Y,1
4121,3310,16/03/2019,2020,5,434,40.54166169,N,N,0
3733,3316,10/03/2017,2020,7,1222,26.97825061,N,Y,1
2727,3318,14/03/2012,2020,9,3093,NA,N,Y,1
3156,3320,01/12/2014,2020,9,2103,NA,N,Y,0
3156,3334,01/12/2014,2020,10,2147,NA,N,Y,1
3733,3344,10/03/2017,2020,10,1322,-16.84936842,N,Y,0
3503,3338,09/08/2015,2020,11,1917,48.43924504,N,Y,1
3069,3340,02/06/2014,2020,11,2353,9.580622943,Y,Y,1
2727,3348,14/03/2012,2020,11,3174,18.57025515,N,Y,1
3664,3350,07/11/2016,2020,12,1488,31.95591576,N,Y,1
3227,3352,03/03/2015,2020,12,2105,54.34860843,N,Y,1
3733,3358,10/03/2017,2021,1,1399,NA,N,Y,1
3156,3356,01/12/2014,2021,1,2230,NA,N,Y,1
3503,3370,09/08/2015,2021,1,1979,111.3799207,N,Y,0
4117,3362,16/04/2019,2021,1,650,144.4560634,Y,Y,0
3069,3368,02/06/2014,2021,1,2432,98.07568917,Y,Y,1
4024,3392,26/09/2018,2021,2,860,NA,N,N,0
4215,3388,28/01/2020,2021,2,385,87.90463789,N,N,0
3664,3394,07/11/2016,2021,2,1563,46.22693157,N,Y,1
4145,3390,20/08/2019,2021,2,548,103.8744668,N,N,0
4005,3364,20/07/2018,2021,2,949,115.1989809,N,N,0
4016,3366,20/07/2018,2021,2,949,122.7965192,N,N,0
4156,3396,09/11/2019,2021,3,479,113.352653,N,N,0
2727,3422,14/03/2012,2021,3,3280,0.512307605,N,Y,0
3156,3424,01/12/2014,2021,3,2295,61.86020867,N,Y,0
4212,3430,01/02/2020,2021,3,416,118.123149,N,N,0
4068,3426,08/02/2019,2021,3,776,-24.17511297,N,N,0
3069,3428,02/06/2014,2021,4,2498,-9.493286763,Y,Y,0
2727,3432,14/03/2012,2021,4,3323,-19.49991534,N,Y,0
4125,3438,09/05/2019,2021,7,785,54.3171244,N,Y,1
3156,3442,01/12/2014,2021,7,2428,NA,N,Y,1
4048,3460,21/12/2018,2021,7,952,132.4174129,N,Y,1
3227,3464,03/03/2015,2021,8,2363,-61.280547,N,Y,0
4068,3448,08/02/2019,2021,8,933,52.21354725,N,Y,0
4163,3466,12/11/2019,2021,9,665,-20.66966974,N,Y,0
3664,3454,07/11/2016,2021,9,1766,52.98341405,N,Y,1
3069,3458,02/06/2014,2021,9,2661,56.42294621,Y,Y,0
3733,3462,10/03/2017,2021,9,1650,-23.79954868,N,Y,0
4125,3470,09/05/2019,2021,9,864,-1.280977352,N,Y,1
3156,3476,01/12/2014,2021,9,2484,-38.2341028,N,Y,0
4021,3486,16/06/2018,2021,10,1224,-26.56619822,N,N,1
3664,3490,07/11/2016,2021,11,1847,-24.83816252,N,Y,1
4068,3496,08/02/2019,2021,11,1025,66.08815395,N,Y,1
4163,3492,12/11/2019,2021,11,749,-53.16319415,N,Y,1
4125,3494,09/05/2019,2021,12,948,-66.35948212,N,Y,1
4048,3504,21/12/2018,2021,12,1090,44.84716202,N,Y,1
3156,3502,01/12/2014,2021,12,2579,NA,N,Y,1
3227,3510,03/03/2015,2022,1,2497,NA,N,Y,1
3069,3526,02/06/2014,2022,1,2779,NA,Y,Y,1
3733,3508,10/03/2017,2022,1,1768,NA,N,Y,1
4082,3512,02/03/2019,2022,1,1046,NA,N,N,1
4164,3532,12/11/2019,2022,1,806,79.87877907,Y,N,0
4156,3514,09/11/2019,2022,1,811,NA,N,N,0
4215,3528,28/01/2020,2022,1,731,NA,N,N,0
3664,3544,07/11/2016,2022,2,1927,18.24585981,N,Y,1
4142,3556,30/03/2019,2022,2,1055,NA,N,N,0
4358,3540,07/11/2020,2022,2,468,93.71844502,N,N,1
4192,3560,30/03/2019,2022,2,1058,NA,N,N,0
4163,3548,12/11/2019,2022,2,832,14.77717832,N,Y,1
4144,3558,30/03/2019,2022,2,1059,70.84598212,N,N,0
4068,3542,08/02/2019,2022,2,1113,NA,N,Y,1
4125,3576,09/05/2019,2022,3,1028,18.00029133,N,Y,1
4048,3568,21/12/2018,2022,3,1169,11.58981746,N,Y,1
4361,3570,16/11/2020,2022,3,477,104.8870124,N,N,1
4126,3584,09/05/2019,2022,3,1038,NA,N,N,0
3156,3574,01/12/2014,2022,3,2660,122.8531498,N,Y,1
4305,3610,29/04/2020,2022,3,692,82.95105895,N,N,0
4297,3580,28/04/2020,2022,3,694,NA,N,N,0
4364,3588,16/11/2020,2022,3,495,NA,N,N,1
4216,3596,28/01/2020,2022,3,793,23.50160895,N,N,0
3733,3582,10/03/2017,2022,4,1853,NA,N,Y,0
3069,3590,02/06/2014,2022,4,2865,NA,Y,Y,1
3156,3600,01/12/2014,2022,4,2688,113.84821,N,Y,0
4243,3594,06/03/2020,2022,4,772,NA,N,N,0
4241,3598,06/03/2020,2022,4,776,46.84675409,N,N,0
4240,3606,06/03/2020,2022,5,789,39.50579574,N,N,1
3156,3612,01/12/2014,2022,6,2742,NA,N,Y,1
4145,3614,20/08/2019,2022,7,1047,52.03946864,N,Y,0
4125,3620,09/05/2019,2022,7,1177,31.38615853,N,Y,1
4021,3616,16/06/2018,2022,8,1513,4.438130895,N,Y,0
4163,3618,12/11/2019,2022,8,999,92.94519981,N,Y,0
3733,3630,10/03/2017,2022,8,1981,75.70492749,N,Y,0
4434,3638,07/03/2021,2022,8,523,67.65766592,N,N,0
4144,3626,30/03/2019,2022,8,1237,77.63232024,N,Y,1
2727,3622,14/03/2012,2022,8,3810,NA,N,Y,0
4048,3634,21/12/2018,2022,8,1337,59.94628899,N,Y,1
3227,3632,03/03/2015,2022,8,2730,NA,N,Y,1
4158,3624,17/11/2019,2022,8,1014,NA,N,Y,0
3664,3628,07/11/2016,2022,8,2120,137.0474765,N,Y,1
4216,3636,28/01/2020,2022,8,944,97.80995044,N,Y,1
4156,3648,09/11/2019,2022,9,1029,NA,N,N,0
4441,3654,10/03/2021,2022,9,543,189.5935183,N,N,0
3069,3642,02/06/2014,2022,9,3018,NA,Y,Y,1
4241,3646,06/03/2020,2022,9,921,78.53950558,N,N,0
4460,3660,26/07/2021,2022,9,415,61.63921796,N,N,1
4401,3644,04/02/2021,2022,9,590,NA,N,N,0
4161,3658,17/11/2019,2022,9,1035,103.2169526,N,N,1
4461,3662,26/07/2021,2022,9,419,90.16940954,N,Y,0
4394,3656,28/01/2021,2022,9,599,NA,N,N,0
3156,3690,01/12/2014,2022,10,2862,NA,N,Y,0
4158,3696,17/11/2019,2022,10,1062,16.68608746,N,Y,0
4125,3664,09/05/2019,2022,10,1256,55.93302269,N,Y,1
4358,3678,07/11/2020,2022,10,719,89.69281142,N,N,0
4216,3684,28/01/2020,2022,10,1006,-54.89239401,N,Y,0
4144,3680,30/03/2019,2022,10,1311,37.28191484,N,Y,0
4234,3682,02/03/2020,2022,11,976,NA,N,Y,1
3733,3666,10/03/2017,2022,11,2069,82.0045028,N,Y,0
3664,3686,07/11/2016,2022,11,2200,43.75245188,N,Y,1
4434,3706,07/03/2021,2022,11,621,1.068821142,N,N,0
4361,3700,16/11/2020,2022,11,737,-37.34699539,N,N,0
4217,3714,28/01/2020,2022,11,1035,-1.036745949,N,N,1
4368,3718,04/12/2020,2022,12,733,-8.790488009,N,N,0
4372,3720,06/12/2020,2022,12,734,61.38613037,N,N,0
4156,3716,09/11/2019,2022,12,1129,NA,N,Y,0
4441,3724,10/03/2021,2022,12,646,18.35668972,N,N,0
4430,3722,27/02/2021,2022,12,660,26.87443423,N,N,0
4292,3728,25/04/2020,2022,12,968,7.000034841,N,N,1
3156,3712,01/12/2014,2022,12,2942,-11.16977426,N,Y,1
4366,3742,21/11/2020,2022,12,762,NA,N,N,0
4415,3778,18/02/2021,2022,12,677,82.02790337,N,N,1
4438,3732,10/03/2021,2022,12,659,17.92049611,N,N,0
4403,3736,04/02/2021,2022,12,693,NA,N,N,0
4465,3738,30/07/2021,2022,12,517,NA,N,N,0
4377,3766,08/01/2021,2022,12,722,NA,N,Y,1
