week,date,n_weeklyresid,year,uniqueinds,weeklyresid,weeklyreldev,MonthStart,GroupSize
1,07/01/1998,23,1998,10,6.115005964,1.010650053,01/01/1998,12.4075
2,14/01/1998,21,1998,9,27.49403213,1.04294896,01/01/1998,12.4075
3,21/01/1998,22,1998,8,38.24853963,1.058595517,01/01/1998,12.4075
4,28/01/1998,17,1998,5,7.004791776,1.010897465,01/01/1998,12.4075
5,04/02/1998,16,1998,8,-14.77307327,0.978275799,01/02/1998,13.17274869
6,11/02/1998,33,1998,11,-27.95042469,0.956455302,01/02/1998,13.17274869
7,18/02/1998,30,1998,9,-38.71657445,0.941524573,01/02/1998,13.17274869
8,25/02/1998,27,1998,9,-5.897623283,0.99224502,01/02/1998,13.17274869
9,04/03/1998,46,1998,16,-15.5134316,0.977647195,01/03/1998,13.48321771
10,11/03/1998,78,1998,16,-18.66594145,0.972315434,01/03/1998,13.48321771
11,18/03/1998,46,1998,18,-36.13650933,0.94239194,01/03/1998,13.48321771
12,25/03/1998,40,1998,16,-38.81177306,0.939196798,01/03/1998,13.48321771
13,01/04/1998,42,1998,16,-25.63160959,0.960473592,01/04/1998,14.33630952
14,08/04/1998,30,1998,11,-6.009229313,0.992203852,01/04/1998,14.33630952
15,15/04/1998,52,1998,13,-1.693784753,0.999291967,01/04/1998,14.33630952
16,22/04/1998,48,1998,12,-11.91453813,0.984554261,01/04/1998,14.33630952
17,29/04/1998,58,1998,14,-10.70229573,0.985158451,01/04/1998,14.33630952
18,06/05/1998,34,1998,10,-16.55049141,0.977286892,01/05/1998,12.66959035
19,13/05/1998,41,1998,16,0.176751151,1.002717343,01/05/1998,12.66959035
20,20/05/1998,46,1998,17,-4.155603166,0.995546879,01/05/1998,12.66959035
21,27/05/1998,69,1998,22,1.453799061,1.003471784,01/05/1998,12.66959035
22,03/06/1998,71,1998,23,0.579291667,1.00192632,01/06/1998,12.54684898
23,10/06/1998,76,1998,20,-7.982057797,0.987844322,01/06/1998,12.54684898
24,17/06/1998,54,1998,24,-14.29236552,0.979355322,01/06/1998,12.54684898
25,24/06/1998,48,1998,24,-24.99968677,0.961862297,01/06/1998,12.54684898
26,01/07/1998,48,1998,24,-16.32474782,0.975056755,01/07/1998,12.4453125
27,08/07/1998,1,1998,1,-68.56341572,0.903779209,01/07/1998,12.4453125
28,15/07/1998,48,1998,23,-9.6980093,0.985915201,01/07/1998,12.4453125
29,22/07/1998,87,1998,25,-18.41625521,0.971427036,01/07/1998,12.4453125
30,29/07/1998,94,1998,25,-16.74592847,0.97257345,01/07/1998,12.4453125
31,05/08/1998,73,1998,22,-18.2027681,0.971279423,01/08/1998,12.34438044
32,12/08/1998,75,1998,24,-19.98159946,0.969097734,01/08/1998,12.34438044
33,19/08/1998,54,1998,24,-25.88621023,0.960365363,01/08/1998,12.34438044
34,26/08/1998,32,1998,12,4.554481719,1.007821553,01/08/1998,12.34438044
35,02/09/1998,58,1998,25,-2.366969191,0.996776352,01/09/1998,11.29772037
36,09/09/1998,22,1998,15,3.148537593,1.005790896,01/09/1998,11.29772037
37,16/09/1998,12,1998,6,-12.70105146,0.982748029,01/09/1998,11.29772037
38,23/09/1998,58,1998,19,-2.058759711,0.997800642,01/09/1998,11.29772037
39,30/09/1998,67,1998,20,8.923948653,1.013948437,01/10/1998,11.05589364
40,07/10/1998,64,1998,19,0.789067109,1.001124189,01/10/1998,11.05589364
41,14/10/1998,22,1998,15,28.84702624,1.04525743,01/10/1998,11.05589364
42,21/10/1998,29,1998,15,68.83962936,1.102361201,01/10/1998,11.05589364
43,28/10/1998,31,1998,16,54.03724407,1.084490489,01/10/1998,11.05589364
44,04/11/1998,29,1998,17,59.82333452,1.093368846,01/11/1998,11.30895271
45,11/11/1998,40,1998,19,58.9145253,1.090528798,01/11/1998,11.30895271
46,18/11/1998,52,1998,17,22.64960706,1.036809643,01/11/1998,11.30895271
47,25/11/1998,65,1998,18,17.63892645,1.027542524,01/11/1998,11.30895271
48,02/12/1998,38,1998,18,7.754128722,1.012900292,01/12/1998,11.90696069
49,09/12/1998,35,1998,17,-12.5324482,0.982145198,01/12/1998,11.90696069
50,16/12/1998,50,1998,17,5.938989704,1.010978381,01/12/1998,11.90696069
51,23/12/1998,40,1998,15,9.084264807,1.016490243,01/12/1998,11.90696069
52,30/12/1998,28,1998,14,9.00506559,1.015738631,01/12/1998,11.90696069
1,07/01/1999,42,1999,17,6.589032653,1.009238634,01/01/1999,12.73208177
2,14/01/1999,28,1999,15,3.95961845,1.006916408,01/01/1999,12.73208177
3,21/01/1999,62,1999,21,23.64714513,1.036651457,01/01/1999,12.73208177
4,28/01/1999,54,1999,20,37.4428138,1.057968033,01/01/1999,12.73208177
5,04/02/1999,41,1999,15,34.17662811,1.053074943,01/02/1999,14.68044092
6,11/02/1999,77,1999,26,19.3541761,1.030342562,01/02/1999,14.68044092
7,18/02/1999,52,1999,15,-1.082157407,0.999073865,01/02/1999,14.68044092
8,25/02/1999,60,1999,19,-15.16074457,0.976242707,01/02/1999,14.68044092
9,04/03/1999,63,1999,20,-38.96231604,0.939036463,01/03/1999,15.21546153
10,11/03/1999,88,1999,24,-45.65164042,0.92833144,01/03/1999,15.21546153
11,18/03/1999,104,1999,25,-47.01945284,0.928049264,01/03/1999,15.21546153
12,25/03/1999,83,1999,28,-42.75446129,0.934926016,01/03/1999,15.21546153
13,01/04/1999,28,1999,14,-13.349938,0.979990096,01/04/1999,14.52193027
14,08/04/1999,48,1999,20,-12.35899101,0.980757952,01/04/1999,14.52193027
15,15/04/1999,66,1999,25,-8.124178325,0.987204886,01/04/1999,14.52193027
16,22/04/1999,85,1999,26,6.878880584,1.010443731,01/04/1999,14.52193027
17,29/04/1999,58,1999,23,15.35241443,1.023958517,01/04/1999,14.52193027
18,06/05/1999,83,1999,28,6.442055366,1.009729778,01/05/1999,14.26666667
19,13/05/1999,62,1999,25,-1.166287204,0.998468266,01/05/1999,14.26666667
20,20/05/1999,70,1999,25,-9.958554928,0.984944967,01/05/1999,14.26666667
21,27/05/1999,80,1999,23,9.139108077,1.014169214,01/05/1999,14.26666667
22,03/06/1999,61,1999,22,21.68170803,1.032633676,01/06/1999,14.01741776
23,10/06/1999,78,1999,22,21.59642683,1.032804623,01/06/1999,14.01741776
24,17/06/1999,57,1999,20,18.51989279,1.028732723,01/06/1999,14.01741776
25,24/06/1999,76,1999,22,15.17327087,1.02366057,01/06/1999,14.01741776
26,01/07/1999,82,1999,24,13.07370698,1.020431856,01/07/1999,12.65758581
27,08/07/1999,42,1999,19,8.999153718,1.013422124,01/07/1999,12.65758581
28,15/07/1999,55,1999,22,8.930453397,1.014458304,01/07/1999,12.65758581
29,22/07/1999,46,1999,17,2.879306552,1.004121017,01/07/1999,12.65758581
30,29/07/1999,43,1999,20,0.422294031,1.000673186,01/07/1999,12.65758581
31,05/08/1999,56,1999,18,1.090363534,1.001068384,01/08/1999,12.72638617
32,12/08/1999,60,1999,16,-5.652443963,0.990830593,01/08/1999,12.72638617
33,19/08/1999,75,1999,23,-22.74827019,0.965133508,01/08/1999,12.72638617
34,26/08/1999,122,1999,25,-22.42560021,0.96451691,01/08/1999,12.72638617
35,02/09/1999,121,1999,28,-23.5037573,0.96252037,01/09/1999,13.54396082
36,09/09/1999,103,1999,29,-23.54482591,0.962423582,01/09/1999,13.54396082
37,16/09/1999,108,1999,27,-20.62908371,0.967982435,01/09/1999,13.54396082
38,23/09/1999,85,1999,28,-3.544755638,0.993015892,01/09/1999,13.54396082
39,30/09/1999,61,1999,22,-15.14571915,0.976542195,01/10/1999,10.91265535
40,07/10/1999,37,1999,13,-6.529004046,0.991313288,01/10/1999,10.91265535
41,14/10/1999,24,1999,12,30.40959112,1.049043376,01/10/1999,10.91265535
42,21/10/1999,8,1999,6,64.51258829,1.103363765,01/10/1999,10.91265535
43,28/10/1999,20,1999,8,49.06302509,1.079401104,01/10/1999,10.91265535
44,04/11/1999,11,1999,5,64.63256392,1.102524482,01/11/1999,11.78222976
45,11/11/1999,11,1999,5,15.05280243,1.020236259,01/11/1999,11.78222976
46,18/11/1999,13,1999,8,-14.41401079,0.979828188,01/11/1999,11.78222976
47,25/11/1999,19,1999,11,2.700318928,1.004570248,01/11/1999,11.78222976
48,02/12/1999,24,1999,10,-6.940218603,0.991115881,01/12/1999,14.21584967
49,09/12/1999,28,1999,9,4.64458135,1.007879927,01/12/1999,14.21584967
50,16/12/1999,10,1999,8,21.27088402,1.033443469,01/12/1999,14.21584967
51,23/12/1999,16,1999,10,32.16466453,1.050001374,01/12/1999,14.21584967
52,30/12/1999,21,1999,8,11.30806771,1.017256437,01/12/1999,14.21584967
1,07/01/2000,11,2000,9,2.491175233,1.008032024,01/01/2000,14.78293881
2,14/01/2000,33,2000,12,2.979546541,1.006333873,01/01/2000,14.78293881
3,21/01/2000,37,2000,13,26.47336168,1.040413454,01/01/2000,14.78293881
4,28/01/2000,41,2000,11,40.86031527,1.063164602,01/01/2000,14.78293881
5,04/02/2000,48,2000,16,37.05975302,1.055908248,01/02/2000,18.02678284
6,11/02/2000,37,2000,12,27.06226685,1.04097552,01/02/2000,18.02678284
7,18/02/2000,50,2000,16,13.93257705,1.021190947,01/02/2000,18.02678284
8,25/02/2000,46,2000,12,14.4495667,1.021784758,01/02/2000,18.02678284
9,03/03/2000,47,2000,19,14.46965151,1.022462256,01/03/2000,18.31212376
10,10/03/2000,52,2000,19,26.08941636,1.040603778,01/03/2000,18.31212376
11,17/03/2000,59,2000,20,-1.180957118,0.997789934,01/03/2000,18.31212376
12,24/03/2000,59,2000,16,-7.219380944,0.989053803,01/03/2000,18.31212376
13,31/03/2000,52,2000,16,-1.79844675,0.997166717,01/04/2000,19.59673698
14,07/04/2000,61,2000,19,-3.283146473,0.994960935,01/04/2000,19.59673698
15,14/04/2000,39,2000,18,14.30391927,1.021141994,01/04/2000,19.59673698
16,21/04/2000,67,2000,20,22.67856223,1.033546923,01/04/2000,19.59673698
17,28/04/2000,62,2000,20,22.41114326,1.032331403,01/04/2000,19.59673698
18,05/05/2000,64,2000,20,21.85084619,1.031564303,01/05/2000,20.80432263
19,12/05/2000,90,2000,21,29.49249674,1.042554809,01/05/2000,20.80432263
20,19/05/2000,78,2000,22,29.83589841,1.043715818,01/05/2000,20.80432263
21,26/05/2000,66,2000,22,39.9187448,1.057705926,01/05/2000,20.80432263
22,02/06/2000,72,2000,22,32.37370079,1.046972542,01/06/2000,19.82401
23,09/06/2000,73,2000,22,29.15782741,1.042184551,01/06/2000,19.82401
24,16/06/2000,83,2000,22,30.58575039,1.0449267,01/06/2000,19.82401
25,23/06/2000,72,2000,17,30.06263252,1.043941321,01/06/2000,19.82401
26,30/06/2000,60,2000,19,36.60911691,1.053034542,01/07/2000,18.77169138
27,07/07/2000,48,2000,14,33.25056635,1.048358481,01/07/2000,18.77169138
28,14/07/2000,48,2000,13,31.17959511,1.044859684,01/07/2000,18.77169138
29,21/07/2000,63,2000,18,13.69165436,1.01916094,01/07/2000,18.77169138
30,28/07/2000,54,2000,20,-0.745995844,0.999598034,01/07/2000,18.77169138
31,04/08/2000,85,2000,24,6.087299103,1.008432558,01/08/2000,20.08638221
32,11/08/2000,92,2000,22,15.78819307,1.022330799,01/08/2000,20.08638221
33,18/08/2000,78,2000,28,12.6124422,1.01812785,01/08/2000,20.08638221
34,25/08/2000,105,2000,26,8.546902479,1.012458251,01/08/2000,20.08638221
35,01/09/2000,94,2000,27,2.655678706,1.004125366,01/09/2000,19.27773463
36,08/09/2000,74,2000,21,2.790053467,1.004371376,01/09/2000,19.27773463
37,15/09/2000,108,2000,22,-6.536006088,0.991146418,01/09/2000,19.27773463
38,22/09/2000,71,2000,19,-0.335053408,1.000240574,01/09/2000,19.27773463
39,29/09/2000,80,2000,21,15.26962657,1.021806222,01/09/2000,19.27773463
40,06/10/2000,80,2000,19,22.90665099,1.032849739,01/10/2000,19.03153575
41,13/10/2000,70,2000,20,6.384751453,1.008862334,01/10/2000,19.03153575
42,20/10/2000,86,2000,26,-19.01806463,0.972543458,01/10/2000,19.03153575
43,27/10/2000,80,2000,20,-1.945200141,0.996949095,01/10/2000,19.03153575
44,03/11/2000,103,2000,24,3.513066255,1.00487834,01/11/2000,21.90041868
45,10/11/2000,113,2000,30,-13.66028077,0.980037182,01/11/2000,21.90041868
46,17/11/2000,79,2000,25,-42.26347302,0.938752727,01/11/2000,21.90041868
47,24/11/2000,54,2000,24,-45.99838577,0.935220183,01/11/2000,21.90041868
48,01/12/2000,78,2000,28,-37.39745585,0.947005854,01/12/2000,20.97708562
49,08/12/2000,51,2000,22,-6.035182827,0.991869678,01/12/2000,20.97708562
50,15/12/2000,71,2000,18,-8.675170265,0.987928905,01/12/2000,20.97708562
51,22/12/2000,38,2000,16,-16.29910043,0.976613621,01/12/2000,20.97708562
52,29/12/2000,92,2000,26,-12.27493026,0.982130231,01/12/2000,20.97708562
1,07/01/2001,60,2001,26,-23.7445687,0.964890258,01/01/2001,23.70645568
2,14/01/2001,83,2001,26,-48.10857713,0.930226847,01/01/2001,23.70645568
3,21/01/2001,86,2001,35,-63.64875674,0.906948645,01/01/2001,23.70645568
4,28/01/2001,118,2001,44,-67.71103942,0.900702694,01/01/2001,23.70645568
5,04/02/2001,160,2001,41,-31.80917433,0.953054617,01/02/2001,22.47638484
6,11/02/2001,153,2001,41,-31.97097261,0.953352011,01/02/2001,22.47638484
7,18/02/2001,151,2001,38,-31.5115794,0.954238082,01/02/2001,22.47638484
8,25/02/2001,116,2001,33,-42.05120933,0.938887336,01/02/2001,22.47638484
9,04/03/2001,74,2001,35,-41.13772667,0.939556363,01/03/2001,26.28306878
10,11/03/2001,133,2001,36,-58.60995234,0.91346516,01/03/2001,26.28306878
11,18/03/2001,104,2001,42,-57.65420072,0.914876571,01/03/2001,26.28306878
12,25/03/2001,111,2001,45,-49.08792604,0.927138803,01/03/2001,26.28306878
13,01/04/2001,110,2001,44,-26.91824459,0.960376151,01/04/2001,25.85562091
14,08/04/2001,88,2001,41,-19.44548017,0.971420366,01/04/2001,25.85562091
15,15/04/2001,96,2001,42,-21.20697278,0.968858737,01/04/2001,25.85562091
16,22/04/2001,143,2001,49,-19.70639576,0.970212989,01/04/2001,25.85562091
17,29/04/2001,177,2001,48,-2.816190788,0.995971363,01/04/2001,25.85562091
18,06/05/2001,127,2001,47,6.436352068,1.009862173,01/05/2001,26.16745772
19,13/05/2001,85,2001,42,9.071901675,1.014271795,01/05/2001,26.16745772
20,20/05/2001,152,2001,48,16.15475127,1.024527914,01/05/2001,26.16745772
21,27/05/2001,143,2001,48,11.95096394,1.0183212,01/05/2001,26.16745772
22,03/06/2001,91,2001,42,17.52070045,1.026638029,01/06/2001,25.22554035
23,10/06/2001,100,2001,40,15.02191041,1.022233209,01/06/2001,25.22554035
24,17/06/2001,118,2001,41,17.42042118,1.025875334,01/06/2001,25.22554035
25,24/06/2001,111,2001,41,12.94668537,1.019141676,01/06/2001,25.22554035
26,01/07/2001,130,2001,39,9.732279962,1.013998118,01/07/2001,22.58339195
27,08/07/2001,102,2001,36,-3.555767961,0.994941891,01/07/2001,22.58339195
28,15/07/2001,114,2001,41,3.860577285,1.005557505,01/07/2001,22.58339195
29,22/07/2001,122,2001,41,8.480772808,1.012276123,01/07/2001,22.58339195
30,29/07/2001,152,2001,49,2.519864667,1.004003196,01/07/2001,22.58339195
31,05/08/2001,130,2001,45,-14.81835557,0.979199712,01/08/2001,21.50810275
32,12/08/2001,147,2001,46,-7.617610587,0.989146983,01/08/2001,21.50810275
33,19/08/2001,125,2001,41,-17.75938103,0.974194061,01/08/2001,21.50810275
34,26/08/2001,170,2001,51,-15.55974561,0.976373793,01/08/2001,21.50810275
35,02/09/2001,137,2001,55,-16.37068431,0.974372844,01/09/2001,20.20802809
36,09/09/2001,136,2001,49,-6.877907985,0.988505204,01/09/2001,20.20802809
37,16/09/2001,114,2001,43,-1.566140342,0.99698247,01/09/2001,20.20802809
38,23/09/2001,170,2001,56,-4.65745554,0.992336513,01/09/2001,20.20802809
39,30/09/2001,132,2001,41,9.016855265,1.013707987,01/10/2001,15.99304005
40,07/10/2001,82,2001,35,21.04660904,1.031379335,01/10/2001,15.99304005
41,14/10/2001,77,2001,38,16.36968177,1.023746422,01/10/2001,15.99304005
42,21/10/2001,96,2001,36,17.35507324,1.025225389,01/10/2001,15.99304005
43,28/10/2001,33,2001,18,61.31900585,1.09605046,01/10/2001,15.99304005
44,04/11/2001,71,2001,26,53.73168169,1.080921598,01/11/2001,13.78618717
45,11/11/2001,62,2001,29,53.52300494,1.080494872,01/11/2001,13.78618717
46,18/11/2001,60,2001,34,52.8829145,1.078551416,01/11/2001,13.78618717
47,25/11/2001,89,2001,36,45.5005677,1.068815551,01/11/2001,13.78618717
48,02/12/2001,104,2001,35,51.20102146,1.078753743,01/12/2001,15.69369693
49,09/12/2001,94,2001,36,55.64464311,1.085943963,01/12/2001,15.69369693
50,16/12/2001,59,2001,27,55.74862718,1.088368476,01/12/2001,15.69369693
51,23/12/2001,30,2001,16,44.63349894,1.068715105,01/12/2001,15.69369693
52,30/12/2001,44,2001,22,39.64044725,1.059994561,01/12/2001,15.69369693
1,07/01/2002,68,2002,34,16.5116415,1.025311089,01/01/2002,17.96890673
2,14/01/2002,82,2002,31,-0.709088766,0.998876846,01/01/2002,17.96890673
3,21/01/2002,54,2002,28,-2.948196415,0.995909827,01/01/2002,17.96890673
4,28/01/2002,39,2002,29,-20.18305381,0.968352581,01/01/2002,17.96890673
5,04/02/2002,40,2002,29,4.054711321,0.999314041,01/02/2002,18.72373737
6,11/02/2002,45,2002,30,8.057307106,1.011506558,01/02/2002,18.72373737
7,18/02/2002,84,2002,30,-1.519900098,0.993592202,01/02/2002,18.72373737
8,25/02/2002,96,2002,39,-0.400105114,0.998489602,01/02/2002,18.72373737
9,04/03/2002,102,2002,41,-9.38984488,0.985535177,01/03/2002,20.13712322
10,11/03/2002,120,2002,43,-6.967163819,0.988572548,01/03/2002,20.13712322
11,18/03/2002,132,2002,45,6.651803055,1.010072976,01/03/2002,20.13712322
12,25/03/2002,132,2002,44,-0.527508095,1.000357118,01/03/2002,20.13712322
13,01/04/2002,97,2002,43,-2.274951449,0.996311412,01/04/2002,20.81850722
14,08/04/2002,132,2002,47,-7.774307408,0.989016014,01/04/2002,20.81850722
15,15/04/2002,142,2002,45,-2.951901137,0.99637978,01/04/2002,20.81850722
16,22/04/2002,175,2002,51,-3.138072527,0.995547054,01/04/2002,20.81850722
17,29/04/2002,145,2002,47,2.582150582,1.003687655,01/04/2002,20.81850722
18,06/05/2002,99,2002,44,12.68627301,1.01858156,01/05/2002,21.10788008
19,13/05/2002,141,2002,47,4.598936582,1.006714039,01/05/2002,21.10788008
20,20/05/2002,120,2002,46,-1.415155831,0.99730577,01/05/2002,21.10788008
21,27/05/2002,108,2002,42,2.326839848,1.002923477,01/05/2002,21.10788008
22,03/06/2002,158,2002,47,6.650796376,1.009134037,01/06/2002,23.4162473
23,10/06/2002,158,2002,48,12.53660377,1.018059534,01/06/2002,23.4162473
24,17/06/2002,153,2002,52,9.35531051,1.012920454,01/06/2002,23.4162473
25,24/06/2002,123,2002,47,14.00868792,1.019699761,01/06/2002,23.4162473
26,01/07/2002,160,2002,49,23.4205783,1.033832542,01/07/2002,22.94542624
27,08/07/2002,149,2002,53,24.93303637,1.035901411,01/07/2002,22.94542624
28,15/07/2002,148,2002,53,27.49424111,1.039237533,01/07/2002,22.94542624
29,22/07/2002,168,2002,52,26.00765977,1.037199301,01/07/2002,22.94542624
30,29/07/2002,178,2002,51,25.02130461,1.036495416,01/07/2002,22.94542624
31,05/08/2002,121,2002,52,17.53388253,1.02615552,01/08/2002,20.72080291
32,12/08/2002,142,2002,50,11.41758321,1.016882336,01/08/2002,20.72080291
33,19/08/2002,73,2002,35,6.079073408,1.008987384,01/08/2002,20.72080291
34,26/08/2002,115,2002,38,3.955521786,1.005946859,01/08/2002,20.72080291
35,02/09/2002,84,2002,36,6.643303915,1.010314734,01/09/2002,19.20472889
36,09/09/2002,79,2002,37,4.873554899,1.007166549,01/09/2002,19.20472889
37,16/09/2002,129,2002,35,2.235028546,1.002974121,01/09/2002,19.20472889
38,23/09/2002,109,2002,39,-19.23015426,0.971921372,01/09/2002,19.20472889
39,30/09/2002,125,2002,38,-16.49335558,0.975495507,01/10/2002,16.53160839
40,07/10/2002,92,2002,40,-12.56103929,0.980836952,01/10/2002,16.53160839
41,14/10/2002,113,2002,41,12.74355555,1.019140844,01/10/2002,16.53160839
42,21/10/2002,82,2002,38,41.9256015,1.0639817,01/10/2002,16.53160839
43,28/10/2002,55,2002,28,49.80902963,1.07886995,01/10/2002,16.53160839
44,04/11/2002,49,2002,25,52.55250492,1.079740932,01/11/2002,15.44212518
45,11/11/2002,30,2002,19,34.07930301,1.053001578,01/11/2002,15.44212518
46,18/11/2002,58,2002,31,9.113171434,1.014753833,01/11/2002,15.44212518
47,25/11/2002,50,2002,29,1.242375413,1.00115572,01/11/2002,15.44212518
48,02/12/2002,35,2002,24,-5.47661463,0.990675157,01/12/2002,17.7000292
49,09/12/2002,74,2002,32,-8.592673,0.986468648,01/12/2002,17.7000292
50,16/12/2002,73,2002,32,4.580589357,1.005937726,01/12/2002,17.7000292
51,23/12/2002,77,2002,35,35.57128587,1.054203802,01/12/2002,17.7000292
52,30/12/2002,46,2002,34,32.57294198,1.050588338,01/12/2002,17.7000292
1,07/01/2003,70,2003,33,28.33087993,1.043052274,01/01/2003,19.95937371
2,14/01/2003,38,2003,29,18.82461467,1.028762236,01/01/2003,19.95937371
3,21/01/2003,125,2003,40,-0.029136741,1.00031477,01/01/2003,19.95937371
4,28/01/2003,84,2003,38,-6.064568352,0.99120243,01/01/2003,19.95937371
5,04/02/2003,110,2003,44,-3.920266474,0.994291081,01/02/2003,19.53690117
6,11/02/2003,81,2003,34,-1.052555738,0.998814826,01/02/2003,19.53690117
7,18/02/2003,86,2003,39,16.46705936,1.027569057,01/02/2003,19.53690117
8,25/02/2003,78,2003,42,24.98057249,1.040969412,01/02/2003,19.53690117
9,04/03/2003,102,2003,37,23.24311338,1.035775593,01/03/2003,21.22807141
10,11/03/2003,173,2003,54,10.6951674,1.016929669,01/03/2003,21.22807141
11,18/03/2003,188,2003,54,-7.004015626,0.988917734,01/03/2003,21.22807141
12,25/03/2003,156,2003,54,-8.265358449,0.986566149,01/03/2003,21.22807141
13,01/04/2003,223,2003,67,-18.17348586,0.9706263,01/04/2003,22.19520716
14,08/04/2003,191,2003,68,-26.12210264,0.958896902,01/04/2003,22.19520716
15,15/04/2003,158,2003,64,-28.05438628,0.956127141,01/04/2003,22.19520716
16,22/04/2003,131,2003,60,0.05313531,1.000924692,01/04/2003,22.19520716
17,29/04/2003,153,2003,63,10.5232037,1.017562993,01/04/2003,22.19520716
18,06/05/2003,201,2003,66,9.358963931,1.015983826,01/05/2003,21.01742333
19,13/05/2003,186,2003,69,-1.231659688,0.998847969,01/05/2003,21.01742333
20,20/05/2003,138,2003,62,-2.390715982,0.997159581,01/05/2003,21.01742333
21,27/05/2003,212,2003,69,-8.036787886,0.98829883,01/05/2003,21.01742333
22,03/06/2003,207,2003,73,-3.54863914,0.994925869,01/06/2003,21.03590589
23,10/06/2003,232,2003,71,-10.14978157,0.984654925,01/06/2003,21.03590589
24,17/06/2003,198,2003,74,-13.40553481,0.978517379,01/06/2003,21.03590589
25,24/06/2003,179,2003,69,-18.10803577,0.971728432,01/06/2003,21.03590589
26,01/07/2003,186,2003,72,-17.99591518,0.97164338,01/07/2003,20.01951719
27,08/07/2003,218,2003,69,-25.06382607,0.960232006,01/07/2003,20.01951719
28,15/07/2003,83,2003,58,-24.7684783,0.960542781,01/07/2003,20.01951719
29,22/07/2003,156,2003,62,-40.11235557,0.938819849,01/07/2003,20.01951719
30,29/07/2003,196,2003,64,-36.855655,0.942484408,01/07/2003,20.01951719
31,05/08/2003,204,2003,70,-39.48213814,0.93879421,01/08/2003,19.00698582
32,12/08/2003,145,2003,50,-42.67031611,0.934984594,01/08/2003,19.00698582
33,19/08/2003,223,2003,71,-45.40630198,0.930628772,01/08/2003,19.00698582
34,26/08/2003,155,2003,70,-57.27561331,0.912063062,01/08/2003,19.00698582
35,02/09/2003,191,2003,72,-51.88428076,0.91915885,01/09/2003,18.76734306
36,09/09/2003,178,2003,74,-53.5212705,0.917178672,01/09/2003,18.76734306
37,16/09/2003,147,2003,68,-50.03390984,0.919695062,01/09/2003,18.76734306
38,23/09/2003,157,2003,77,-25.3936907,0.958902171,01/09/2003,18.76734306
39,30/09/2003,143,2003,62,2.958716022,1.003099621,01/10/2003,14.524896
40,07/10/2003,163,2003,70,6.59489728,1.009440255,01/10/2003,14.524896
41,14/10/2003,144,2003,68,21.47325168,1.033861414,01/10/2003,14.524896
42,21/10/2003,121,2003,44,57.13730838,1.094741512,01/10/2003,14.524896
43,28/10/2003,148,2003,52,58.10195964,1.093931098,01/10/2003,14.524896
44,04/11/2003,113,2003,43,35.48731781,1.057598409,01/11/2003,12.06558878
45,11/11/2003,94,2003,38,33.3047753,1.053415393,01/11/2003,12.06558878
46,18/11/2003,97,2003,42,60.45071895,1.099525742,01/11/2003,12.06558878
47,25/11/2003,44,2003,20,75.1832001,1.126959415,01/11/2003,12.06558878
48,02/12/2003,105,2003,33,90.02460364,1.150084435,01/12/2003,10.85655528
49,09/12/2003,96,2003,33,70.96489631,1.117287956,01/12/2003,10.85655528
50,16/12/2003,79,2003,28,38.6176917,1.066727603,01/12/2003,10.85655528
51,23/12/2003,127,2003,37,20.68985094,1.035152216,01/12/2003,10.85655528
52,30/12/2003,85,2003,28,8.061336855,1.014276437,01/12/2003,10.85655528
1,07/01/2004,50,2004,27,-16.26013371,0.973595829,01/01/2004,12.41450034
2,14/01/2004,34,2004,21,15.61584635,1.027192695,01/01/2004,12.41450034
3,21/01/2004,77,2004,32,45.14840981,1.076093062,01/01/2004,12.41450034
4,28/01/2004,91,2004,35,56.95018505,1.092145516,01/01/2004,12.41450034
5,04/02/2004,79,2004,28,46.92615535,1.07572807,01/02/2004,12.43051717
6,11/02/2004,59,2004,29,33.27111698,1.05362138,01/02/2004,12.43051717
7,18/02/2004,59,2004,28,27.89964548,1.045795955,01/02/2004,12.43051717
8,25/02/2004,49,2004,22,34.87978955,1.058191593,01/02/2004,12.43051717
9,03/03/2004,75,2004,26,37.55271656,1.060929921,01/03/2004,14.08351749
10,10/03/2004,97,2004,32,34.18901631,1.054928858,01/03/2004,14.08351749
11,17/03/2004,132,2004,32,23.8361105,1.038132296,01/03/2004,14.08351749
12,24/03/2004,99,2004,34,10.80186316,1.017645961,01/03/2004,14.08351749
13,31/03/2004,101,2004,35,15.82558173,1.026152731,01/04/2004,15.77570367
14,07/04/2004,58,2004,28,29.53387882,1.047336537,01/04/2004,15.77570367
15,14/04/2004,95,2004,35,26.81635406,1.04300771,01/04/2004,15.77570367
16,21/04/2004,101,2004,38,27.60818198,1.044009104,01/04/2004,15.77570367
17,28/04/2004,88,2004,33,22.13321351,1.035019858,01/04/2004,15.77570367
18,05/05/2004,86,2004,34,27.58396886,1.043161292,01/05/2004,16.40168736
19,12/05/2004,94,2004,35,15.88637774,1.025023279,01/05/2004,16.40168736
20,19/05/2004,91,2004,36,5.790059376,1.009726774,01/05/2004,16.40168736
21,26/05/2004,139,2004,38,4.589767652,1.007686039,01/05/2004,16.40168736
22,02/06/2004,142,2004,38,-2.603369104,0.996400252,01/06/2004,16.47816352
23,09/06/2004,93,2004,33,-4.901876696,0.993520757,01/06/2004,16.47816352
24,16/06/2004,118,2004,37,-9.078786615,0.986867622,01/06/2004,16.47816352
25,23/06/2004,131,2004,37,-0.71095295,0.998927942,01/06/2004,16.47816352
26,30/06/2004,92,2004,36,-4.043114802,0.994498753,01/07/2004,16.01106215
27,07/07/2004,93,2004,35,-6.403503063,0.990286906,01/07/2004,16.01106215
28,14/07/2004,108,2004,35,-11.52009608,0.982736126,01/07/2004,16.01106215
29,21/07/2004,52,2004,25,-10.45468158,0.983528297,01/07/2004,16.01106215
30,28/07/2004,123,2004,38,-15.40406286,0.976598144,01/07/2004,16.01106215
31,04/08/2004,101,2004,36,-10.67381912,0.983407463,01/08/2004,16.47560905
32,11/08/2004,125,2004,38,-9.718786193,0.984681625,01/08/2004,16.47560905
33,18/08/2004,98,2004,31,-11.63250712,0.981687351,01/08/2004,16.47560905
34,25/08/2004,65,2004,29,-20.2735224,0.968623896,01/08/2004,16.47560905
35,01/09/2004,76,2004,27,-17.57209728,0.973388967,01/09/2004,15.62470267
36,08/09/2004,78,2004,29,-17.9376127,0.972055841,01/09/2004,15.62470267
37,15/09/2004,61,2004,24,-27.02774411,0.9596091,01/09/2004,15.62470267
38,22/09/2004,46,2004,24,-17.57232622,0.972848897,01/09/2004,15.62470267
39,29/09/2004,39,2004,21,9.005717562,1.011873317,01/09/2004,15.62470267
40,06/10/2004,39,2004,24,0.203688392,1.00003857,01/10/2004,14.13658807
41,13/10/2004,54,2004,23,6.410436905,1.00954279,01/10/2004,14.13658807
42,20/10/2004,63,2004,22,15.48994731,1.023043219,01/10/2004,14.13658807
43,27/10/2004,30,2004,15,31.92312521,1.045552606,01/10/2004,14.13658807
44,03/11/2004,41,2004,11,36.70154428,1.052520863,01/11/2004,12.90165243
45,10/11/2004,27,2004,12,15.49544097,1.022116815,01/11/2004,12.90165243
46,17/11/2004,24,2004,10,18.15089362,1.025428447,01/11/2004,12.90165243
47,24/11/2004,16,2004,8,31.37528074,1.047165274,01/11/2004,12.90165243
48,01/12/2004,8,2004,4,25.5151242,1.039247673,01/12/2004,12.93738066
49,08/12/2004,31,2004,10,9.661348947,1.01424817,01/12/2004,12.93738066
50,15/12/2004,35,2004,13,15.97661522,1.024536538,01/12/2004,12.93738066
51,22/12/2004,21,2004,12,6.44723802,1.009204556,01/12/2004,12.93738066
52,29/12/2004,34,2004,14,-12.06329776,0.980578556,01/12/2004,12.93738066
1,07/01/2005,30,2005,13,-28.39446651,0.957594544,01/01/2005,13.21313909
2,14/01/2005,16,2005,8,-24.64164742,0.961299673,01/01/2005,13.21313909
3,21/01/2005,18,2005,9,-1.533020384,0.996068487,01/01/2005,13.21313909
4,28/01/2005,11,2005,7,33.78683417,1.05000878,01/01/2005,13.21313909
5,04/02/2005,22,2005,13,26.99756002,1.038998198,01/02/2005,13.5059863
6,11/02/2005,39,2005,13,10.78701817,1.016599703,01/02/2005,13.5059863
7,18/02/2005,36,2005,14,-9.146969619,0.985416942,01/02/2005,13.5059863
8,25/02/2005,51,2005,19,-5.808343786,0.991353122,01/02/2005,13.5059863
9,04/03/2005,66,2005,24,-9.071908299,0.984462833,01/03/2005,14.64940783
10,11/03/2005,93,2005,32,-18.29178284,0.97066535,01/03/2005,14.64940783
11,18/03/2005,110,2005,37,-18.39596453,0.970292111,01/03/2005,14.64940783
12,25/03/2005,98,2005,35,-5.433028536,0.991479926,01/03/2005,14.64940783
13,01/04/2005,103,2005,36,-4.276998908,0.993878351,01/04/2005,16.36386244
14,08/04/2005,91,2005,37,-7.253661711,0.989041073,01/04/2005,16.36386244
15,15/04/2005,120,2005,34,3.6635332,1.006775194,01/04/2005,16.36386244
16,22/04/2005,76,2005,32,11.07686837,1.017543876,01/04/2005,16.36386244
17,29/04/2005,108,2005,37,10.70993535,1.018994395,01/04/2005,16.36386244
18,06/05/2005,115,2005,34,16.30082691,1.026927836,01/05/2005,16.47060057
19,13/05/2005,115,2005,39,13.23742194,1.021550861,01/05/2005,16.47060057
20,20/05/2005,122,2005,45,0.297739304,1.002096472,01/05/2005,16.47060057
21,27/05/2005,162,2005,45,5.631525009,1.010086403,01/05/2005,16.47060057
22,03/06/2005,160,2005,46,6.024885576,1.011959388,01/06/2005,16.0277164
23,10/06/2005,116,2005,39,14.23755076,1.023748367,01/06/2005,16.0277164
24,17/06/2005,103,2005,40,16.02745753,1.026203124,01/06/2005,16.0277164
25,24/06/2005,86,2005,36,4.49221364,1.009098665,01/06/2005,16.0277164
26,01/07/2005,110,2005,43,1.655707197,1.002183077,01/07/2005,15.03993193
27,08/07/2005,59,2005,30,-8.451592139,0.987670732,01/07/2005,15.03993193
28,15/07/2005,69,2005,31,-13.80501921,0.979067515,01/07/2005,15.03993193
29,22/07/2005,109,2005,45,-8.509322057,0.98697772,01/07/2005,15.03993193
30,29/07/2005,143,2005,44,-9.696464624,0.985815871,01/07/2005,15.03993193
31,05/08/2005,145,2005,46,-5.161082723,0.992328475,01/08/2005,15.94912933
32,12/08/2005,110,2005,43,-9.559105602,0.9855827,01/08/2005,15.94912933
33,19/08/2005,122,2005,42,-5.170702905,0.993132447,01/08/2005,15.94912933
34,26/08/2005,109,2005,43,-10.31216395,0.98482498,01/08/2005,15.94912933
35,02/09/2005,90,2005,41,-9.142182797,0.986538748,01/09/2005,15.85149099
36,09/09/2005,115,2005,43,-3.585928343,0.994585572,01/09/2005,15.85149099
37,16/09/2005,91,2005,41,-10.76520156,0.982654568,01/09/2005,15.85149099
38,23/09/2005,137,2005,45,-19.73697682,0.968565544,01/09/2005,15.85149099
39,30/09/2005,115,2005,46,-8.566266458,0.985688524,01/10/2005,16.41967271
40,07/10/2005,79,2005,43,4.307008413,1.006631175,01/10/2005,16.41967271
41,14/10/2005,123,2005,41,7.171157469,1.010869294,01/10/2005,16.41967271
42,21/10/2005,129,2005,47,9.542989625,1.015916217,01/10/2005,16.41967271
43,28/10/2005,132,2005,44,-1.056522871,0.998992511,01/10/2005,16.41967271
44,04/11/2005,114,2005,45,7.80581802,1.01236127,01/11/2005,16.0893046
45,11/11/2005,129,2005,43,22.41549373,1.033975582,01/11/2005,16.0893046
46,18/11/2005,98,2005,41,16.79047909,1.025603011,01/11/2005,16.0893046
47,25/11/2005,82,2005,39,4.664687735,1.007409732,01/11/2005,16.0893046
48,02/12/2005,54,2005,31,-3.976603516,0.992361716,01/12/2005,16.86262907
49,09/12/2005,160,2005,48,-12.89616024,0.978205941,01/12/2005,16.86262907
50,16/12/2005,163,2005,47,-31.08744552,0.94959213,01/12/2005,16.86262907
51,23/12/2005,161,2005,51,-38.33962801,0.937963596,01/12/2005,16.86262907
52,30/12/2005,82,2005,49,-47.9767615,0.924766734,01/12/2005,16.86262907
1,07/01/2006,110,2006,40,-13.82418632,0.977292126,01/01/2006,17.27114083
2,14/01/2006,85,2006,37,6.704463712,1.01028945,01/01/2006,17.27114083
3,21/01/2006,65,2006,31,16.45252078,1.026141683,01/01/2006,17.27114083
4,28/01/2006,68,2006,26,36.48356421,1.057861601,01/01/2006,17.27114083
5,04/02/2006,73,2006,27,60.70366612,1.09485169,01/02/2006,15.46210079
6,11/02/2006,56,2006,28,60.6374849,1.09788915,01/02/2006,15.46210079
7,18/02/2006,56,2006,27,51.58748772,1.082306125,01/02/2006,15.46210079
8,25/02/2006,42,2006,25,40.55621804,1.064578396,01/02/2006,15.46210079
9,04/03/2006,70,2006,33,32.15151819,1.05561772,01/03/2006,15.98705746
10,11/03/2006,74,2006,34,43.8153418,1.072251938,01/03/2006,15.98705746
11,18/03/2006,91,2006,35,24.73835326,1.042415011,01/03/2006,15.98705746
12,25/03/2006,95,2006,37,40.43072877,1.06723106,01/03/2006,15.98705746
13,01/04/2006,85,2006,35,45.93549331,1.074384088,01/04/2006,17.50106108
14,08/04/2006,69,2006,36,50.37966885,1.082393803,01/04/2006,17.50106108
15,15/04/2006,79,2006,39,36.73071398,1.059650635,01/04/2006,17.50106108
16,22/04/2006,72,2006,39,39.11730962,1.063680406,01/04/2006,17.50106108
17,29/04/2006,75,2006,42,42.94785442,1.070835975,01/04/2006,17.50106108
18,06/05/2006,85,2006,44,45.75677467,1.073727689,01/05/2006,18.01002875
19,13/05/2006,126,2006,51,33.72414958,1.05526304,01/05/2006,18.01002875
20,20/05/2006,49,2006,30,40.91972982,1.063596566,01/05/2006,18.01002875
21,27/05/2006,96,2006,51,15.25482036,1.024579919,01/05/2006,18.01002875
22,03/06/2006,80,2006,48,30.79558226,1.048148147,01/06/2006,18.59230769
23,10/06/2006,145,2006,52,28.73911151,1.045571949,01/06/2006,18.59230769
24,17/06/2006,73,2006,33,33.34984908,1.052923489,01/06/2006,18.59230769
25,24/06/2006,52,2006,34,23.56525205,1.036486559,01/06/2006,18.59230769
26,01/07/2006,112,2006,49,14.2448967,1.023379075,01/07/2006,17.93033302
27,08/07/2006,109,2006,51,27.60963504,1.044068927,01/07/2006,17.93033302
28,15/07/2006,123,2006,52,27.37631578,1.043280863,01/07/2006,17.93033302
29,22/07/2006,121,2006,51,42.69199831,1.068981136,01/07/2006,17.93033302
30,29/07/2006,116,2006,46,35.07841719,1.05638998,01/07/2006,17.93033302
31,05/08/2006,60,2006,33,41.11473541,1.065242953,01/08/2006,15.14160117
32,12/08/2006,66,2006,48,29.57796761,1.048089476,01/08/2006,15.14160117
33,19/08/2006,70,2006,41,27.90464563,1.045612235,01/08/2006,15.14160117
34,26/08/2006,71,2006,38,12.50355236,1.020987587,01/08/2006,15.14160117
35,02/09/2006,130,2006,45,8.078365787,1.014353317,01/09/2006,16.2347037
36,09/09/2006,100,2006,42,-6.047994041,0.991467355,01/09/2006,16.2347037
37,16/09/2006,115,2006,45,-17.42080313,0.973957018,01/09/2006,16.2347037
38,23/09/2006,114,2006,49,-26.06525964,0.959873804,01/09/2006,16.2347037
39,30/09/2006,137,2006,50,-36.23318277,0.944061702,01/10/2006,17.27285546
40,07/10/2006,112,2006,42,-35.05868747,0.945223464,01/10/2006,17.27285546
41,14/10/2006,18,2006,18,-15.67616159,0.975712565,01/10/2006,17.27285546
42,21/10/2006,136,2006,50,9.903206051,1.017509226,01/10/2006,17.27285546
43,28/10/2006,140,2006,51,3.383893907,1.005616863,01/10/2006,17.27285546
44,04/11/2006,80,2006,46,9.296322836,1.016027616,01/11/2006,18.03275078
45,11/11/2006,2,2006,2,18.10703224,1.030416182,01/11/2006,18.03275078
46,18/11/2006,148,2006,52,-15.20264204,0.97691005,01/11/2006,18.03275078
47,25/11/2006,98,2006,42,-12.00564211,0.982553412,01/11/2006,18.03275078
48,02/12/2006,173,2006,55,-28.44629057,0.956151161,01/12/2006,17.33876134
49,09/12/2006,133,2006,48,-41.20874736,0.935938612,01/12/2006,17.33876134
50,16/12/2006,123,2006,45,-47.22840539,0.925864651,01/12/2006,17.33876134
51,23/12/2006,125,2006,49,-61.10546759,0.902320481,01/12/2006,17.33876134
52,30/12/2006,101,2006,44,-15.3266918,0.978544689,01/12/2006,17.33876134
1,07/01/2007,110,2007,44,-5.382267148,0.993427128,01/01/2007,16.95893454
2,14/01/2007,112,2007,46,-15.80074374,0.974569184,01/01/2007,16.95893454
3,21/01/2007,140,2007,52,-22.433561,0.96539242,01/01/2007,16.95893454
4,28/01/2007,122,2007,52,-30.7846818,0.952215484,01/01/2007,16.95893454
5,04/02/2007,158,2007,55,-19.1363195,0.971892347,01/02/2007,16.9935244
6,11/02/2007,179,2007,60,-32.03696192,0.951408057,01/02/2007,16.9935244
7,18/02/2007,158,2007,60,-12.48114898,0.982395749,01/02/2007,16.9935244
8,25/02/2007,162,2007,63,-29.79362118,0.954195754,01/02/2007,16.9935244
9,04/03/2007,155,2007,58,-38.40318282,0.939697269,01/03/2007,15.89046333
10,11/03/2007,158,2007,58,-31.56865296,0.95098089,01/03/2007,15.89046333
11,18/03/2007,210,2007,62,-33.76827632,0.947438146,01/03/2007,15.89046333
12,25/03/2007,194,2007,63,-33.16190189,0.946768793,01/03/2007,15.89046333
13,01/04/2007,217,2007,65,-28.75701643,0.954913252,01/04/2007,14.78437022
14,08/04/2007,171,2007,57,-15.54249052,0.976089748,01/04/2007,14.78437022
15,15/04/2007,204,2007,68,-9.928890949,0.98686061,01/04/2007,14.78437022
16,22/04/2007,219,2007,65,-1.745827075,1.000295792,01/04/2007,14.78437022
17,29/04/2007,241,2007,68,15.852568,1.029858946,01/04/2007,14.78437022
18,06/05/2007,229,2007,70,16.76185436,1.030896355,01/05/2007,15.04639973
19,13/05/2007,247,2007,71,17.14230193,1.030468675,01/05/2007,15.04639973
20,20/05/2007,116,2007,66,11.64340567,1.021490182,01/05/2007,15.04639973
21,27/05/2007,182,2007,65,-0.644908221,1.001720033,01/05/2007,15.04639973
22,03/06/2007,171,2007,69,1.510985037,1.004621116,01/06/2007,15.38261955
23,10/06/2007,155,2007,67,2.432491659,1.006982393,01/06/2007,15.38261955
24,17/06/2007,203,2007,67,-5.204116464,0.99408741,01/06/2007,15.38261955
25,24/06/2007,236,2007,66,-11.62818701,0.983510014,01/06/2007,15.38261955
26,01/07/2007,183,2007,67,-18.28419534,0.971881546,01/07/2007,14.11292684
27,08/07/2007,157,2007,68,-29.01107176,0.953458731,01/07/2007,14.11292684
28,15/07/2007,249,2007,67,-33.92252389,0.946744497,01/07/2007,14.11292684
29,22/07/2007,194,2007,61,-32.31480006,0.950085506,01/07/2007,14.11292684
30,29/07/2007,212,2007,67,-41.47643899,0.933998389,01/07/2007,14.11292684
31,05/08/2007,202,2007,65,-42.53491733,0.931689292,01/08/2007,13.85642345
32,12/08/2007,167,2007,66,-47.81483712,0.922271282,01/08/2007,13.85642345
33,19/08/2007,233,2007,64,-50.03318087,0.919927215,01/08/2007,13.85642345
34,26/08/2007,187,2007,67,-49.67361318,0.920347286,01/08/2007,13.85642345
35,02/09/2007,201,2007,63,-51.46788098,0.919246077,01/09/2007,13.77987716
36,09/09/2007,199,2007,67,-48.32627005,0.922711216,01/09/2007,13.77987716
37,16/09/2007,248,2007,67,-51.12365925,0.916711816,01/09/2007,13.77987716
38,23/09/2007,238,2007,66,-47.20373984,0.922456702,01/09/2007,13.77987716
39,30/09/2007,179,2007,67,-47.51477669,0.922151737,01/10/2007,10.67562173
40,07/10/2007,168,2007,62,-23.31977323,0.962767536,01/10/2007,10.67562173
41,14/10/2007,126,2007,61,15.7236131,1.025410215,01/10/2007,10.67562173
42,21/10/2007,169,2007,58,57.75741267,1.094489937,01/10/2007,10.67562173
43,28/10/2007,120,2007,50,72.72580349,1.118552998,01/10/2007,10.67562173
44,04/11/2007,135,2007,47,56.39876361,1.092465418,01/11/2007,8.246834585
45,11/11/2007,122,2007,40,51.63092882,1.084779863,01/11/2007,8.246834585
46,18/11/2007,89,2007,32,59.23528731,1.094658467,01/11/2007,8.246834585
47,25/11/2007,43,2007,19,60.63008468,1.105980324,01/11/2007,8.246834585
48,02/12/2007,58,2007,27,64.01125633,1.103595657,01/12/2007,7.653088948
49,09/12/2007,66,2007,22,58.39928052,1.092079421,01/12/2007,7.653088948
50,16/12/2007,58,2007,22,71.01899024,1.114297763,01/12/2007,7.653088948
51,23/12/2007,37,2007,17,91.62102906,1.13945147,01/12/2007,7.653088948
52,30/12/2007,24,2007,12,77.33858814,1.12473812,01/12/2007,7.653088948
1,07/01/2008,29,2008,11,75.94725138,1.12822299,01/01/2008,8.110418304
2,14/01/2008,39,2008,13,72.15395817,1.122087815,01/01/2008,8.110418304
3,21/01/2008,30,2008,12,72.64879406,1.123267673,01/01/2008,8.110418304
4,28/01/2008,42,2008,17,63.99679752,1.104536033,01/01/2008,8.110418304
5,04/02/2008,59,2008,16,35.76685488,1.057281138,01/02/2008,9.93132532
6,11/02/2008,52,2008,17,29.01939867,1.048964597,01/02/2008,9.93132532
7,18/02/2008,63,2008,20,7.843357042,1.01637191,01/02/2008,9.93132532
8,25/02/2008,49,2008,20,9.977990364,1.01972736,01/02/2008,9.93132532
9,03/03/2008,69,2008,21,11.60295736,1.021277007,01/03/2008,11.20631096
10,10/03/2008,45,2008,20,0.310792862,1.002123269,01/03/2008,11.20631096
11,17/03/2008,64,2008,22,6.521293611,1.012146129,01/03/2008,11.20631096
12,24/03/2008,62,2008,26,6.295417755,1.011916086,01/03/2008,11.20631096
13,31/03/2008,92,2008,26,4.516416345,1.007794733,01/04/2008,11.18422656
14,07/04/2008,85,2008,27,11.19222134,1.018591716,01/04/2008,11.18422656
15,14/04/2008,95,2008,28,6.155729516,1.009503531,01/04/2008,11.18422656
16,21/04/2008,77,2008,29,2.696660472,1.003387995,01/04/2008,11.18422656
17,28/04/2008,93,2008,31,-5.229424275,0.99174692,01/04/2008,11.18422656
18,05/05/2008,75,2008,31,-6.386343445,0.990450111,01/05/2008,11.04765486
19,12/05/2008,86,2008,27,11.04236011,1.01792951,01/05/2008,11.04765486
20,19/05/2008,29,2008,21,21.35702921,1.03292676,01/05/2008,11.04765486
21,26/05/2008,55,2008,22,19.10596667,1.029607409,01/05/2008,11.04765486
22,02/06/2008,49,2008,22,47.73708035,1.076833126,01/06/2008,11.09769072
23,09/06/2008,57,2008,25,32.62201623,1.051122905,01/06/2008,11.09769072
24,16/06/2008,67,2008,23,31.05428578,1.0485333,01/06/2008,11.09769072
25,23/06/2008,56,2008,27,42.09713538,1.064815198,01/06/2008,11.09769072
26,30/06/2008,71,2008,23,47.89396047,1.073483209,01/07/2008,9.772228444
27,07/07/2008,61,2008,19,58.65180312,1.088975356,01/07/2008,9.772228444
28,14/07/2008,49,2008,19,59.49734027,1.090416062,01/07/2008,9.772228444
29,21/07/2008,58,2008,19,32.33853173,1.048470787,01/07/2008,9.772228444
30,28/07/2008,46,2008,14,60.94255833,1.092246609,01/07/2008,9.772228444
31,04/08/2008,39,2008,18,62.38286524,1.095362173,01/08/2008,9.004051045
32,11/08/2008,35,2008,15,43.58858773,1.066111,01/08/2008,9.004051045
33,18/08/2008,32,2008,12,62.44008248,1.091553849,01/08/2008,9.004051045
34,25/08/2008,29,2008,14,44.36721806,1.06719209,01/08/2008,9.004051045
35,01/09/2008,40,2008,17,5.356555116,1.0073136,01/09/2008,11.20520635
36,08/09/2008,44,2008,14,-10.28388849,0.984622772,01/09/2008,11.20520635
37,15/09/2008,48,2008,18,-22.21407773,0.968821044,01/09/2008,11.20520635
38,22/09/2008,68,2008,18,-8.877151789,0.988154106,01/09/2008,11.20520635
39,29/09/2008,76,2008,20,-5.410257693,0.993264366,01/09/2008,11.20520635
40,06/10/2008,71,2008,22,-11.90967083,0.982921329,01/10/2008,11.47793907
41,13/10/2008,82,2008,20,-6.607957445,0.990383748,01/10/2008,11.47793907
42,20/10/2008,62,2008,18,-17.85526686,0.973414616,01/10/2008,11.47793907
43,27/10/2008,50,2008,15,-2.688736399,0.995949876,01/10/2008,11.47793907
44,03/11/2008,13,2008,8,35.40429427,1.046310403,01/11/2008,11.0146111
45,10/11/2008,25,2008,10,33.27750757,1.047964879,01/11/2008,11.0146111
46,17/11/2008,36,2008,10,8.221543401,1.007995159,01/11/2008,11.0146111
47,24/11/2008,22,2008,12,-5.167776009,0.990068832,01/11/2008,11.0146111
48,01/12/2008,21,2008,12,5.584933095,1.008698136,01/12/2008,13.98902887
49,08/12/2008,37,2008,16,12.88468252,1.01742588,01/12/2008,13.98902887
50,15/12/2008,34,2008,16,15.19702847,1.022111107,01/12/2008,13.98902887
51,22/12/2008,32,2008,16,15.9356767,1.022493909,01/12/2008,13.98902887
52,29/12/2008,40,2008,19,2.188492009,1.003215299,01/12/2008,13.98902887
1,07/01/2009,55,2009,23,-23.64055554,0.963999415,01/01/2009,13.72831914
2,14/01/2009,53,2009,21,-3.105857862,0.993751291,01/01/2009,13.72831914
3,21/01/2009,45,2009,16,32.93952667,1.048724808,01/01/2009,13.72831914
4,28/01/2009,44,2009,17,39.4671076,1.061264115,01/01/2009,13.72831914
5,04/02/2009,56,2009,18,28.59030425,1.048653031,01/02/2009,14.67355295
6,11/02/2009,43,2009,17,21.74294434,1.038279521,01/02/2009,14.67355295
7,18/02/2009,45,2009,19,-1.613724483,1.000493574,01/02/2009,14.67355295
8,25/02/2009,64,2009,22,-1.789888238,1.000103171,01/02/2009,14.67355295
9,04/03/2009,95,2009,24,-1.949213298,0.997540399,01/03/2009,14.98221817
10,11/03/2009,93,2009,24,7.67587635,1.012332006,01/03/2009,14.98221817
11,18/03/2009,79,2009,26,13.96048298,1.021984749,01/03/2009,14.98221817
12,25/03/2009,119,2009,29,21.93793995,1.032704304,01/03/2009,14.98221817
13,01/04/2009,96,2009,31,7.877438891,1.010621894,01/04/2009,15.34526561
14,08/04/2009,113,2009,36,17.24939851,1.025621922,01/04/2009,15.34526561
15,15/04/2009,92,2009,34,0.689473006,1.000581783,01/04/2009,15.34526561
16,22/04/2009,116,2009,37,-4.761737796,0.991914383,01/04/2009,15.34526561
17,29/04/2009,108,2009,38,1.547841793,1.001732133,01/04/2009,15.34526561
18,06/05/2009,126,2009,34,2.948939976,1.004603458,01/05/2009,16.37370206
19,13/05/2009,126,2009,35,-1.794802904,0.997879368,01/05/2009,16.37370206
20,20/05/2009,128,2009,39,-13.65219467,0.979141936,01/05/2009,16.37370206
21,27/05/2009,72,2009,39,-13.82510901,0.977884944,01/05/2009,16.37370206
22,03/06/2009,144,2009,39,-13.26545432,0.978554701,01/06/2009,16.04583691
23,10/06/2009,99,2009,37,-12.77410768,0.979555926,01/06/2009,16.04583691
24,17/06/2009,143,2009,37,-22.50406381,0.964233558,01/06/2009,16.04583691
25,24/06/2009,113,2009,36,-16.67450907,0.97264198,01/06/2009,16.04583691
26,01/07/2009,87,2009,34,-3.873730899,0.993764511,01/07/2009,16.44638877
27,08/07/2009,79,2009,31,-1.261044806,0.997367834,01/07/2009,16.44638877
28,15/07/2009,59,2009,23,-1.157110305,0.997620519,01/07/2009,16.44638877
29,22/07/2009,62,2009,22,5.98128577,1.008801052,01/07/2009,16.44638877
30,29/07/2009,61,2009,24,6.444412704,1.009449521,01/07/2009,16.44638877
31,05/08/2009,74,2009,28,10.03870067,1.01530401,01/08/2009,15.22629376
32,12/08/2009,70,2009,26,0.553889058,1.000999447,01/08/2009,15.22629376
33,19/08/2009,69,2009,26,-7.515897568,0.988645232,01/08/2009,15.22629376
34,26/08/2009,96,2009,34,-12.27965793,0.979361005,01/08/2009,15.22629376
35,02/09/2009,93,2009,30,-20.60997644,0.967943411,01/09/2009,14.96999516
36,09/09/2009,103,2009,27,-20.69331788,0.96732652,01/09/2009,14.96999516
37,16/09/2009,99,2009,28,-28.85251143,0.955349576,01/09/2009,14.96999516
38,23/09/2009,122,2009,39,-39.95991328,0.936167737,01/09/2009,14.96999516
39,30/09/2009,118,2009,35,-43.17566275,0.931516478,01/10/2009,16.10929458
40,07/10/2009,67,2009,28,-14.4998754,0.977625539,01/10/2009,16.10929458
41,14/10/2009,74,2009,33,3.643878548,1.006004544,01/10/2009,16.10929458
42,21/10/2009,102,2009,37,11.97690426,1.019204438,01/10/2009,16.10929458
43,28/10/2009,87,2009,31,12.16339399,1.018716902,01/10/2009,16.10929458
44,04/11/2009,60,2009,24,0.892363469,1.000582237,01/11/2009,16.20213361
45,11/11/2009,97,2009,34,18.97990803,1.028878999,01/11/2009,16.20213361
46,18/11/2009,67,2009,32,9.611742979,1.015169682,01/11/2009,16.20213361
47,25/11/2009,63,2009,25,10.1773224,1.016119849,01/11/2009,16.20213361
48,02/12/2009,35,2009,19,-2.228864204,0.99521893,01/12/2009,15.98093671
49,09/12/2009,70,2009,29,-17.0765168,0.97008976,01/12/2009,15.98093671
50,16/12/2009,73,2009,26,4.636422076,1.005510162,01/12/2009,15.98093671
51,23/12/2009,78,2009,29,4.229771538,1.006795978,01/12/2009,15.98093671
52,30/12/2009,57,2009,27,1.10100095,1.002418305,01/12/2009,15.98093671
1,07/01/2010,30,2010,22,4.63802901,1.007978978,01/01/2010,19.90471993
2,14/01/2010,40,2010,23,19.43543433,1.033543073,01/01/2010,19.90471993
3,21/01/2010,78,2010,31,21.15595269,1.033713791,01/01/2010,19.90471993
4,28/01/2010,67,2010,31,19.75134858,1.032077281,01/01/2010,19.90471993
5,04/02/2010,125,2010,46,33.1643533,1.05379611,01/02/2010,18.39835952
6,11/02/2010,80,2010,37,15.69043068,1.026632437,01/02/2010,18.39835952
7,18/02/2010,74,2010,35,11.4296684,1.019128318,01/02/2010,18.39835952
8,25/02/2010,77,2010,36,11.72739642,1.02011176,01/02/2010,18.39835952
9,04/03/2010,54,2010,32,10.8320191,1.019507908,01/03/2010,20.47567047
10,11/03/2010,105,2010,39,15.12917924,1.024093477,01/03/2010,20.47567047
11,18/03/2010,118,2010,42,5.676836722,1.010081336,01/03/2010,20.47567047
12,25/03/2010,70,2010,35,3.748158508,1.007500351,01/03/2010,20.47567047
13,01/04/2010,86,2010,39,-0.966972308,1.000097382,01/04/2010,22.22839965
14,08/04/2010,90,2010,41,-0.374657754,1.001093635,01/04/2010,22.22839965
15,15/04/2010,167,2010,47,4.487832776,1.008369884,01/04/2010,22.22839965
16,22/04/2010,151,2010,49,8.200210114,1.014482503,01/04/2010,22.22839965
17,29/04/2010,94,2010,46,14.13597504,1.02400804,01/04/2010,22.22839965
18,06/05/2010,130,2010,48,13.98184006,1.022544795,01/05/2010,21.90872343
19,13/05/2010,134,2010,51,2.549503261,1.004545175,01/05/2010,21.90872343
20,20/05/2010,153,2010,51,15.11447487,1.024452198,01/05/2010,21.90872343
21,27/05/2010,75,2010,44,28.18759083,1.045204388,01/05/2010,21.90872343
22,03/06/2010,150,2010,48,32.82291631,1.0518855,01/06/2010,21.87353661
23,10/06/2010,155,2010,51,31.44873825,1.050783632,01/06/2010,21.87353661
24,17/06/2010,149,2010,50,18.78956371,1.030392224,01/06/2010,21.87353661
25,24/06/2010,127,2010,47,22.04656888,1.035477716,01/06/2010,21.87353661
26,01/07/2010,116,2010,44,18.13068189,1.029040648,01/07/2010,20.4558254
27,08/07/2010,123,2010,47,14.74852651,1.023632409,01/07/2010,20.4558254
28,15/07/2010,107,2010,42,15.07378125,1.024335488,01/07/2010,20.4558254
29,22/07/2010,144,2010,46,9.203919261,1.015165365,01/07/2010,20.4558254
30,29/07/2010,111,2010,43,10.06200702,1.015383299,01/07/2010,20.4558254
31,05/08/2010,120,2010,48,7.108220906,1.011298396,01/08/2010,19.0970419
32,12/08/2010,78,2010,39,3.89245454,1.005675181,01/08/2010,19.0970419
33,19/08/2010,110,2010,46,-3.12466655,0.994181489,01/08/2010,19.0970419
34,26/08/2010,115,2010,46,-11.46480433,0.981671845,01/08/2010,19.0970419
35,02/09/2010,119,2010,48,-13.74436239,0.978293437,01/09/2010,20.20052112
36,09/09/2010,140,2010,51,-28.41919241,0.955044633,01/09/2010,20.20052112
37,16/09/2010,107,2010,49,-28.63897985,0.955377905,01/09/2010,20.20052112
38,23/09/2010,124,2010,60,-38.83183014,0.939584346,01/09/2010,20.20052112
39,30/09/2010,163,2010,70,-44.3342277,0.930326663,01/10/2010,19.17493791
40,07/10/2010,151,2010,58,-49.75333357,0.922522653,01/10/2010,19.17493791
41,14/10/2010,119,2010,49,-19.21795319,0.969767793,01/10/2010,19.17493791
42,21/10/2010,124,2010,41,-7.637524863,0.987007277,01/10/2010,19.17493791
43,28/10/2010,118,2010,45,-13.44855927,0.978896785,01/10/2010,19.17493791
44,04/11/2010,134,2010,50,-42.71101788,0.933127407,01/11/2010,18.3235016
45,11/11/2010,142,2010,50,-52.46833426,0.918972337,01/11/2010,18.3235016
46,18/11/2010,120,2010,49,-52.77914876,0.917449405,01/11/2010,18.3235016
47,25/11/2010,72,2010,37,-17.9335698,0.970823596,01/11/2010,18.3235016
48,02/12/2010,47,2010,29,-12.39932898,0.97866944,01/12/2010,17.92045236
49,09/12/2010,37,2010,28,-19.70075152,0.968064318,01/12/2010,17.92045236
50,16/12/2010,101,2010,42,-23.36516247,0.961738093,01/12/2010,17.92045236
51,23/12/2010,128,2010,44,-9.664224824,0.984318336,01/12/2010,17.92045236
52,30/12/2010,100,2010,43,-15.9069433,0.973709694,01/12/2010,17.92045236
1,07/01/2011,68,2011,33,1.658662834,1.001431098,01/01/2011,17.37315642
2,14/01/2011,74,2011,33,16.88254064,1.026991771,01/01/2011,17.37315642
3,21/01/2011,101,2011,39,24.26863835,1.039601884,01/01/2011,17.37315642
4,28/01/2011,118,2011,39,29.98063811,1.047430063,01/01/2011,17.37315642
5,04/02/2011,87,2011,31,33.7755525,1.05513277,01/02/2011,18.97873094
6,11/02/2011,104,2011,41,18.3464431,1.030630526,01/02/2011,18.97873094
7,18/02/2011,127,2011,48,19.52079003,1.03316746,01/02/2011,18.97873094
8,25/02/2011,140,2011,46,24.41082196,1.040753171,01/02/2011,18.97873094
9,04/03/2011,139,2011,47,23.10100656,1.038630754,01/03/2011,20.50767933
10,11/03/2011,99,2011,45,5.591791591,1.011634572,01/03/2011,20.50767933
11,18/03/2011,148,2011,53,7.905398148,1.013744757,01/03/2011,20.50767933
12,25/03/2011,156,2011,52,11.12409532,1.019166404,01/03/2011,20.50767933
13,01/04/2011,197,2011,56,14.85516236,1.024853247,01/04/2011,21.70934306
14,08/04/2011,186,2011,51,20.3855518,1.032707095,01/04/2011,21.70934306
15,15/04/2011,187,2011,47,28.19299566,1.04559736,01/04/2011,21.70934306
16,22/04/2011,190,2011,53,35.74988558,1.057144165,01/04/2011,21.70934306
17,29/04/2011,204,2011,53,42.96956958,1.067314894,01/04/2011,21.70934306
18,06/05/2011,106,2011,51,39.4911425,1.06219722,01/05/2011,21.44845808
19,13/05/2011,220,2011,58,47.99339392,1.07522677,01/05/2011,21.44845808
20,20/05/2011,199,2011,57,58.2321853,1.090561553,01/05/2011,21.44845808
21,27/05/2011,177,2011,57,46.93755992,1.073104709,01/05/2011,21.44845808
22,03/06/2011,208,2011,57,47.22883795,1.073225824,01/06/2011,20.14453719
23,10/06/2011,145,2011,54,37.11665676,1.056138641,01/06/2011,20.14453719
24,17/06/2011,136,2011,51,40.79076511,1.064789887,01/06/2011,20.14453719
25,24/06/2011,147,2011,52,61.1626108,1.096208096,01/06/2011,20.14453719
26,01/07/2011,135,2011,45,56.85325586,1.091128338,01/07/2011,17.70782065
27,08/07/2011,126,2011,46,57.96623513,1.089864952,01/07/2011,17.70782065
28,15/07/2011,86,2011,38,53.5753085,1.08374378,01/07/2011,17.70782065
29,22/07/2011,98,2011,39,54.58252589,1.084541123,01/07/2011,17.70782065
30,29/07/2011,84,2011,35,40.93702173,1.063176786,01/07/2011,17.70782065
31,05/08/2011,75,2011,27,46.54027975,1.072135283,01/08/2011,17.88082051
32,12/08/2011,82,2011,33,32.57663098,1.051139907,01/08/2011,17.88082051
33,19/08/2011,80,2011,30,18.72873076,1.02928003,01/08/2011,17.88082051
34,26/08/2011,99,2011,40,11.89758352,1.018184438,01/08/2011,17.88082051
35,02/09/2011,105,2011,37,10.87723415,1.015332863,01/09/2011,18.71723853
36,09/09/2011,140,2011,41,-11.77698682,0.982114044,01/09/2011,18.71723853
37,16/09/2011,148,2011,48,-23.61724321,0.964556406,01/09/2011,18.71723853
38,23/09/2011,193,2011,51,-26.91035466,0.958565013,01/09/2011,18.71723853
39,30/09/2011,154,2011,48,-31.19660422,0.953000704,01/10/2011,17.94313726
40,07/10/2011,217,2011,55,-35.93887074,0.944663748,01/10/2011,17.94313726
41,14/10/2011,216,2011,59,-47.02867938,0.926719015,01/10/2011,17.94313726
42,21/10/2011,186,2011,54,-22.75801421,0.964043964,01/10/2011,17.94313726
43,28/10/2011,192,2011,56,-11.54642572,0.981106255,01/10/2011,17.94313726
44,04/11/2011,160,2011,48,-36.07730452,0.942758155,01/11/2011,17.47794425
45,11/11/2011,179,2011,61,-49.47240174,0.923057817,01/11/2011,17.47794425
46,18/11/2011,126,2011,57,-68.35447964,0.893246165,01/11/2011,17.47794425
47,25/11/2011,199,2011,66,-78.26281756,0.881183209,01/11/2011,17.47794425
48,02/12/2011,152,2011,64,-74.74913894,0.886110146,01/12/2011,17.24312847
49,09/12/2011,199,2011,65,-57.33684868,0.91103066,01/12/2011,17.24312847
50,16/12/2011,160,2011,59,-34.0264815,0.947301706,01/12/2011,17.24312847
51,23/12/2011,146,2011,57,-10.52200235,0.982865536,01/12/2011,17.24312847
52,30/12/2011,145,2011,50,10.94509716,1.016432621,01/12/2011,17.24312847
1,07/01/2012,118,2012,46,25.59837,1.040109102,01/01/2012,16.22931687
2,14/01/2012,101,2012,45,17.21638504,1.026718646,01/01/2012,16.22931687
3,21/01/2012,108,2012,45,4.110282308,1.007188197,01/01/2012,16.22931687
4,28/01/2012,147,2012,58,30.68010595,1.049894468,01/01/2012,16.22931687
5,04/02/2012,147,2012,59,17.40133049,1.028667309,01/02/2012,17.03729541
6,11/02/2012,165,2012,55,22.62280965,1.039173534,01/02/2012,17.03729541
7,18/02/2012,143,2012,56,20.98819996,1.037185002,01/02/2012,17.03729541
8,25/02/2012,132,2012,52,18.12066066,1.032247133,01/02/2012,17.03729541
9,03/03/2012,182,2012,63,10.28774467,1.019502426,01/03/2012,17.59392855
10,10/03/2012,175,2012,66,-7.539319944,0.990706248,01/03/2012,17.59392855
11,17/03/2012,223,2012,71,-19.02952339,0.97190871,01/03/2012,17.59392855
12,24/03/2012,244,2012,78,-16.55331496,0.975292948,01/03/2012,17.59392855
13,31/03/2012,212,2012,77,-16.21090074,0.976565303,01/04/2012,18.43420091
14,07/04/2012,198,2012,79,7.634299064,1.013196419,01/04/2012,18.43420091
15,14/04/2012,166,2012,77,6.856069147,1.011898275,01/04/2012,18.43420091
16,21/04/2012,246,2012,83,2.107452815,1.004829251,01/04/2012,18.43420091
17,28/04/2012,191,2012,80,12.49125393,1.020907328,01/04/2012,18.43420091
18,05/05/2012,196,2012,84,28.87970188,1.046122415,01/05/2012,17.68260357
19,12/05/2012,264,2012,82,23.40243039,1.037759931,01/05/2012,17.68260357
20,19/05/2012,241,2012,83,14.47395991,1.023882182,01/05/2012,17.68260357
21,26/05/2012,244,2012,85,7.147629472,1.011813744,01/05/2012,17.68260357
22,02/06/2012,223,2012,82,3.421633273,1.006407533,01/06/2012,15.30981232
23,09/06/2012,201,2012,81,2.634813252,1.005474173,01/06/2012,15.30981232
24,16/06/2012,193,2012,77,-4.770002077,0.994247685,01/06/2012,15.30981232
25,23/06/2012,182,2012,78,-8.605499873,0.987301554,01/06/2012,15.30981232
26,30/06/2012,221,2012,80,2.600771273,1.005511158,01/07/2012,15.05660417
27,07/07/2012,204,2012,77,14.33956463,1.023896722,01/07/2012,15.05660417
28,14/07/2012,176,2012,76,7.154604366,1.011808311,01/07/2012,15.05660417
29,21/07/2012,276,2012,77,10.93584036,1.017971991,01/07/2012,15.05660417
30,28/07/2012,239,2012,70,20.6113858,1.033520007,01/07/2012,15.05660417
31,04/08/2012,171,2012,63,21.06646215,1.034190814,01/08/2012,14.90227809
32,11/08/2012,190,2012,66,13.39649066,1.021933121,01/08/2012,14.90227809
33,18/08/2012,162,2012,68,3.320249775,1.006041836,01/08/2012,14.90227809
34,25/08/2012,204,2012,77,-2.559015216,0.996273321,01/08/2012,14.90227809
35,01/09/2012,201,2012,75,-8.32130746,0.987091986,01/09/2012,14.5262957
36,08/09/2012,228,2012,75,-13.62344118,0.978774084,01/09/2012,14.5262957
37,15/09/2012,221,2012,71,-12.67767489,0.980758224,01/09/2012,14.5262957
38,22/09/2012,142,2012,56,-23.88465896,0.963825948,01/09/2012,14.5262957
39,29/09/2012,128,2012,58,-30.38308396,0.953296136,01/09/2012,14.5262957
40,06/10/2012,168,2012,61,-33.09141498,0.948669324,01/10/2012,13.02154651
41,13/10/2012,164,2012,61,-28.30068787,0.95626483,01/10/2012,13.02154651
42,20/10/2012,80,2012,49,28.44564734,1.046423337,01/10/2012,13.02154651
43,27/10/2012,97,2012,45,46.3882963,1.074789186,01/10/2012,13.02154651
44,03/11/2012,170,2012,55,38.70252222,1.060570811,01/11/2012,13.55330399
45,10/11/2012,166,2012,56,15.0072823,1.022597241,01/11/2012,13.55330399
46,17/11/2012,134,2012,56,-11.48776254,0.981835855,01/11/2012,13.55330399
47,24/11/2012,144,2012,57,-21.31565663,0.966161926,01/11/2012,13.55330399
48,01/12/2012,184,2012,59,-28.81525408,0.954089282,01/12/2012,13.16928866
49,08/12/2012,189,2012,59,-26.41503973,0.957093353,01/12/2012,13.16928866
50,15/12/2012,147,2012,50,-5.63386824,0.989291102,01/12/2012,13.16928866
51,22/12/2012,126,2012,50,-11.13014131,0.981784045,01/12/2012,13.16928866
52,29/12/2012,122,2012,46,-11.66734439,0.980325475,01/12/2012,13.16928866
1,07/01/2013,119,2013,38,-12.32554229,0.98011285,01/01/2013,12.27334875
2,14/01/2013,119,2013,43,-14.95954838,0.975946757,01/01/2013,12.27334875
3,21/01/2013,129,2013,49,-26.0158155,0.959558872,01/01/2013,12.27334875
4,28/01/2013,155,2013,54,-20.61849596,0.966962868,01/01/2013,12.27334875
5,04/02/2013,112,2013,50,-34.51402667,0.94566904,01/02/2013,12.12910369
6,11/02/2013,130,2013,48,-52.56601532,0.917495702,01/02/2013,12.12910369
7,18/02/2013,162,2013,59,-55.17430696,0.910870794,01/02/2013,12.12910369
8,25/02/2013,117,2013,50,-44.94191273,0.92900116,01/02/2013,12.12910369
9,04/03/2013,161,2013,62,-65.2445383,0.897155391,01/03/2013,11.52187039
10,11/03/2013,216,2013,60,-67.82910695,0.893037028,01/03/2013,11.52187039
11,18/03/2013,194,2013,65,-78.04987883,0.87679567,01/03/2013,11.52187039
12,25/03/2013,153,2013,60,-88.82391723,0.856775045,01/03/2013,11.52187039
13,01/04/2013,114,2013,51,-75.32403022,0.876685306,01/04/2013,10.58826241
14,08/04/2013,188,2013,61,-43.86618189,0.92955405,01/04/2013,10.58826241
15,15/04/2013,155,2013,56,-20.53971011,0.96711661,01/04/2013,10.58826241
16,22/04/2013,145,2013,56,-0.445967552,0.998844159,01/04/2013,10.58826241
17,29/04/2013,153,2013,60,6.684844301,1.010122092,01/04/2013,10.58826241
18,06/05/2013,152,2013,54,3.069883615,1.004614989,01/05/2013,10.88585797
19,13/05/2013,179,2013,57,0.273794557,1.001186408,01/05/2013,10.88585797
20,20/05/2013,173,2013,58,2.269785386,1.003788249,01/05/2013,10.88585797
21,27/05/2013,177,2013,57,-2.899582487,0.995808124,01/05/2013,10.88585797
22,03/06/2013,166,2013,56,-2.101953022,0.997317475,01/06/2013,11.18361866
23,10/06/2013,167,2013,57,-9.765546121,0.985186624,01/06/2013,11.18361866
24,17/06/2013,203,2013,59,-15.35872159,0.975988805,01/06/2013,11.18361866
25,24/06/2013,121,2013,47,-8.997988423,0.986311979,01/06/2013,11.18361866
26,01/07/2013,127,2013,55,-10.55103911,0.983501414,01/07/2013,11.13699039
27,08/07/2013,138,2013,56,-6.56721652,0.989922086,01/07/2013,11.13699039
28,15/07/2013,156,2013,53,11.36544073,1.018112499,01/07/2013,11.13699039
29,22/07/2013,174,2013,54,15.7696495,1.024651559,01/07/2013,11.13699039
30,29/07/2013,162,2013,51,12.91425271,1.020209183,01/07/2013,11.13699039
31,05/08/2013,160,2013,53,12.71132252,1.020627286,01/08/2013,9.262889167
32,12/08/2013,118,2013,48,7.150662902,1.01064457,01/08/2013,9.262889167
33,19/08/2013,101,2013,44,-2.032085954,0.99662576,01/08/2013,9.262889167
34,26/08/2013,175,2013,48,1.2735645,1.001950294,01/08/2013,9.262889167
35,02/09/2013,149,2013,46,-5.529394387,0.991288261,01/09/2013,8.567725925
36,09/09/2013,154,2013,45,-8.805654298,0.986453269,01/09/2013,8.567725925
37,16/09/2013,130,2013,42,-5.027781601,0.992053849,01/09/2013,8.567725925
38,23/09/2013,108,2013,41,-10.3629891,0.983196338,01/09/2013,8.567725925
39,30/09/2013,122,2013,42,-3.0067371,0.995489266,01/10/2013,8.667497461
40,07/10/2013,103,2013,41,-31.5756183,0.949327491,01/10/2013,8.667497461
41,14/10/2013,149,2013,37,-28.15849458,0.954507447,01/10/2013,8.667497461
42,21/10/2013,93,2013,34,34.66029116,1.054860674,01/10/2013,8.667497461
43,28/10/2013,89,2013,35,61.46734731,1.099436124,01/10/2013,8.667497461
44,04/11/2013,94,2013,29,50.08373864,1.081627379,01/11/2013,9.052716681
45,11/11/2013,124,2013,38,27.90708668,1.045272283,01/11/2013,9.052716681
46,18/11/2013,143,2013,36,13.06360551,1.021992976,01/11/2013,9.052716681
47,25/11/2013,78,2013,33,22.75260425,1.037214454,01/11/2013,9.052716681
48,02/12/2013,47,2013,22,70.27071224,1.116972757,01/12/2013,7.624032783
49,09/12/2013,48,2013,21,91.9698543,1.148022232,01/12/2013,7.624032783
50,16/12/2013,62,2013,22,88.0754649,1.142048385,01/12/2013,7.624032783
51,23/12/2013,37,2013,14,58.52067186,1.103993107,01/12/2013,7.624032783
52,30/12/2013,22,2013,13,67.69209666,1.105387047,01/12/2013,7.624032783
1,07/01/2014,20,2014,11,66.86328735,1.109270248,01/01/2014,7.815535204
2,14/01/2014,24,2014,11,41.76064279,1.069235846,01/01/2014,7.815535204
3,21/01/2014,30,2014,13,23.55138917,1.042808015,01/01/2014,7.815535204
4,28/01/2014,36,2014,16,30.16635236,1.055172363,01/01/2014,7.815535204
5,04/02/2014,28,2014,13,46.86956001,1.078863765,01/02/2014,7.849234881
6,11/02/2014,23,2014,12,56.2634501,1.090334951,01/02/2014,7.849234881
7,18/02/2014,29,2014,12,29.59310885,1.050756874,01/02/2014,7.849234881
8,25/02/2014,27,2014,11,42.01565949,1.07038235,01/02/2014,7.849234881
9,04/03/2014,27,2014,11,41.97779276,1.071004219,01/03/2014,8.712714426
10,11/03/2014,24,2014,11,35.45562913,1.061082728,01/03/2014,8.712714426
11,18/03/2014,39,2014,15,28.05114593,1.045073782,01/03/2014,8.712714426
12,25/03/2014,44,2014,19,30.82473084,1.048261654,01/03/2014,8.712714426
13,01/04/2014,35,2014,15,14.86038032,1.022784859,01/04/2014,10.08618269
14,08/04/2014,44,2014,16,20.55463814,1.030859485,01/04/2014,10.08618269
15,15/04/2014,34,2014,15,15.53138469,1.026376346,01/04/2014,10.08618269
16,22/04/2014,37,2014,16,10.77488117,1.018761679,01/04/2014,10.08618269
17,29/04/2014,47,2014,17,19.46655619,1.030537485,01/04/2014,10.08618269
18,06/05/2014,44,2014,16,18.28777072,1.028784026,01/05/2014,10.75767887
19,13/05/2014,48,2014,16,19.29495792,1.028864472,01/05/2014,10.75767887
20,20/05/2014,39,2014,14,13.17913191,1.019483019,01/05/2014,10.75767887
21,27/05/2014,44,2014,15,6.972661737,1.009440681,01/05/2014,10.75767887
22,03/06/2014,48,2014,15,13.01840668,1.01816927,01/06/2014,11.06101529
23,10/06/2014,29,2014,14,25.02060863,1.036009742,01/06/2014,11.06101529
24,17/06/2014,42,2014,16,9.338134562,1.01147493,01/06/2014,11.06101529
25,24/06/2014,34,2014,17,11.53478932,1.01504077,01/06/2014,11.06101529
26,01/07/2014,38,2014,15,19.46642742,1.02760511,01/07/2014,11.42715419
27,08/07/2014,31,2014,14,20.46509839,1.030272715,01/07/2014,11.42715419
28,15/07/2014,40,2014,14,6.820174548,1.009883573,01/07/2014,11.42715419
29,22/07/2014,19,2014,10,8.517743256,1.012370226,01/07/2014,11.42715419
30,29/07/2014,25,2014,11,7.603487038,1.011473785,01/07/2014,11.42715419
31,05/08/2014,23,2014,12,14.83839956,1.022725009,01/08/2014,11.01537064
32,12/08/2014,31,2014,16,0.794663194,1.001073395,01/08/2014,11.01537064
33,19/08/2014,31,2014,13,13.73700477,1.021565655,01/08/2014,11.01537064
34,26/08/2014,33,2014,13,16.37141813,1.024754,01/08/2014,11.01537064
35,02/09/2014,45,2014,15,13.07920682,1.02001631,01/09/2014,11.12766157
36,09/09/2014,19,2014,11,-4.40007714,0.993151813,01/09/2014,11.12766157
37,16/09/2014,37,2014,12,-8.878255631,0.985243382,01/09/2014,11.12766157
38,23/09/2014,27,2014,10,-22.6209662,0.965421373,01/09/2014,11.12766157
39,30/09/2014,30,2014,11,1.056995976,0.998429894,01/10/2014,10.43706308
40,07/10/2014,45,2014,16,3.938371625,1.006046515,01/10/2014,10.43706308
41,14/10/2014,49,2014,14,-18.0612766,0.971969703,01/10/2014,10.43706308
42,21/10/2014,35,2014,12,-10.9037466,0.983865609,01/10/2014,10.43706308
43,28/10/2014,40,2014,14,-23.72662075,0.96337614,01/10/2014,10.43706308
44,04/11/2014,32,2014,13,-13.00335391,0.979782771,01/11/2014,9.532491334
45,11/11/2014,40,2014,16,2.673562518,1.000973894,01/11/2014,9.532491334
46,18/11/2014,42,2014,18,8.363902124,1.01070619,01/11/2014,9.532491334
47,25/11/2014,27,2014,12,14.43187146,1.022669748,01/11/2014,9.532491334
48,02/12/2014,36,2014,17,-3.89830406,0.992945753,01/12/2014,9.922860328
49,09/12/2014,39,2014,14,-26.20453523,0.960260711,01/12/2014,9.922860328
50,16/12/2014,56,2014,19,-33.16721967,0.948209039,01/12/2014,9.922860328
51,23/12/2014,73,2014,22,-37.23933301,0.941757095,01/12/2014,9.922860328
52,30/12/2014,56,2014,16,-53.8499348,0.916166807,01/12/2014,9.922860328
1,07/01/2015,58,2015,22,-55.1450155,0.910210696,01/01/2015,9.717970472
2,14/01/2015,64,2015,20,-57.35944751,0.908655382,01/01/2015,9.717970472
3,21/01/2015,72,2015,21,-29.40390829,0.950662732,01/01/2015,9.717970472
4,28/01/2015,55,2015,24,-30.49546156,0.950004539,01/01/2015,9.717970472
5,04/02/2015,47,2015,22,2.045367833,1.003314225,01/02/2015,9.992925064
6,11/02/2015,71,2015,30,0.353276428,1.000783302,01/02/2015,9.992925064
7,18/02/2015,74,2015,31,-11.68317314,0.981294364,01/02/2015,9.992925064
8,25/02/2015,80,2015,29,-26.48884628,0.958384487,01/02/2015,9.992925064
9,04/03/2015,92,2015,33,-21.83079083,0.965803113,01/03/2015,10.9187736
10,11/03/2015,86,2015,31,-24.10772741,0.962309168,01/03/2015,10.9187736
11,18/03/2015,91,2015,34,-26.71984391,0.958224586,01/03/2015,10.9187736
12,25/03/2015,102,2015,35,-20.73772366,0.967279292,01/03/2015,10.9187736
13,01/04/2015,100,2015,35,7.672960935,1.013528003,01/04/2015,12.51575366
14,08/04/2015,83,2015,28,7.339116527,1.013308534,01/04/2015,12.51575366
15,15/04/2015,107,2015,31,25.06459745,1.039943842,01/04/2015,12.51575366
16,22/04/2015,114,2015,34,29.81289289,1.046901289,01/04/2015,12.51575366
17,29/04/2015,92,2015,33,32.72795613,1.051872515,01/04/2015,12.51575366
18,06/05/2015,108,2015,36,36.1608687,1.05750212,01/05/2015,12.78002109
19,13/05/2015,111,2015,37,31.59054959,1.051367862,01/05/2015,12.78002109
20,20/05/2015,68,2015,33,34.02537896,1.052483663,01/05/2015,12.78002109
21,27/05/2015,109,2015,33,35.9876455,1.056501216,01/05/2015,12.78002109
22,03/06/2015,73,2015,31,30.86453777,1.048301267,01/06/2015,11.78778486
23,10/06/2015,52,2015,24,17.78354695,1.028606448,01/06/2015,11.78778486
24,17/06/2015,78,2015,30,25.2234854,1.03981072,01/06/2015,11.78778486
25,24/06/2015,92,2015,38,21.96485733,1.03398914,01/06/2015,11.78778486
26,01/07/2015,85,2015,36,1.129427656,1.000629019,01/07/2015,10.66314539
27,08/07/2015,62,2015,34,10.64778464,1.014028204,01/07/2015,10.66314539
28,15/07/2015,59,2015,28,9.481225941,1.014901956,01/07/2015,10.66314539
29,22/07/2015,58,2015,25,14.45746135,1.023085678,01/07/2015,10.66314539
30,29/07/2015,63,2015,28,6.685021911,1.010576358,01/07/2015,10.66314539
31,05/08/2015,68,2015,29,10.12099217,1.017749471,01/08/2015,10.58640966
32,12/08/2015,75,2015,28,19.29195305,1.031506704,01/08/2015,10.58640966
33,19/08/2015,77,2015,30,14.70319267,1.024441183,01/08/2015,10.58640966
34,26/08/2015,56,2015,25,7.253554182,1.011321326,01/08/2015,10.58640966
35,02/09/2015,45,2015,21,1.864249776,1.004172677,01/09/2015,10.94400519
36,09/09/2015,75,2015,25,-2.505040903,0.996190559,01/09/2015,10.94400519
37,16/09/2015,65,2015,27,2.311232767,1.004428523,01/09/2015,10.94400519
38,23/09/2015,58,2015,24,-5.469756862,0.991468566,01/09/2015,10.94400519
39,30/09/2015,61,2015,27,-0.797061746,0.998857397,01/10/2015,11.76420751
40,07/10/2015,35,2015,19,4.132270499,1.005137464,01/10/2015,11.76420751
41,14/10/2015,68,2015,26,37.22166821,1.06192529,01/10/2015,11.76420751
42,21/10/2015,69,2015,30,34.73708548,1.057788917,01/10/2015,11.76420751
43,28/10/2015,76,2015,28,17.22076834,1.029900663,01/10/2015,11.76420751
44,04/11/2015,79,2015,30,15.77742729,1.028891999,01/11/2015,12.67781233
45,11/11/2015,89,2015,27,10.67452503,1.020514871,01/11/2015,12.67781233
46,18/11/2015,92,2015,27,-16.90389688,0.972474361,01/11/2015,12.67781233
47,25/11/2015,79,2015,29,-32.51356922,0.946672216,01/11/2015,12.67781233
48,02/12/2015,115,2015,30,-53.04015944,0.911684231,01/12/2015,11.2382793
49,09/12/2015,61,2015,29,-60.24474967,0.899870762,01/12/2015,11.2382793
50,16/12/2015,110,2015,34,-69.46307396,0.881915374,01/12/2015,11.2382793
51,23/12/2015,100,2015,32,-83.18295647,0.861867793,01/12/2015,11.2382793
52,30/12/2015,84,2015,31,-97.87714038,0.839316905,01/12/2015,11.2382793
1,07/01/2016,62,2016,26,-110.2496618,0.813918252,01/01/2016,8.243858774
2,14/01/2016,72,2016,30,-119.489163,0.798935852,01/01/2016,8.243858774
3,21/01/2016,91,2016,31,-114.6155812,0.807948,01/01/2016,8.243858774
4,28/01/2016,96,2016,26,-50.80209395,0.914514678,01/01/2016,8.243858774
5,04/02/2016,78,2016,24,-0.265720799,0.998149703,01/02/2016,7.69248578
6,11/02/2016,57,2016,23,38.02016243,1.063761846,01/02/2016,7.69248578
7,18/02/2016,84,2016,26,36.34940892,1.059627285,01/02/2016,7.69248578
8,25/02/2016,79,2016,22,8.003115571,1.013985168,01/02/2016,7.69248578
9,03/03/2016,85,2016,23,-4.76153293,0.992844307,01/03/2016,7.138790647
10,10/03/2016,95,2016,30,-6.781624078,0.99137461,01/03/2016,7.138790647
11,17/03/2016,71,2016,26,-3.810043494,0.99662595,01/03/2016,7.138790647
12,24/03/2016,55,2016,21,11.9619922,1.024717598,01/03/2016,7.138790647
13,31/03/2016,37,2016,13,-12.73377806,0.983313891,01/04/2016,6.729044252
14,07/04/2016,40,2016,14,-7.799767802,0.99103985,01/04/2016,6.729044252
15,14/04/2016,42,2016,16,6.459873196,1.017651571,01/04/2016,6.729044252
16,21/04/2016,63,2016,20,18.46802107,1.03201028,01/04/2016,6.729044252
17,28/04/2016,29,2016,17,46.73510697,1.075033205,01/04/2016,6.729044252
18,05/05/2016,63,2016,25,44.46098095,1.07360786,01/05/2016,7.036305386
19,12/05/2016,68,2016,27,41.08323054,1.069122445,01/05/2016,7.036305386
20,19/05/2016,95,2016,31,41.44126653,1.067464965,01/05/2016,7.036305386
21,26/05/2016,71,2016,26,49.95860662,1.080437282,01/05/2016,7.036305386
22,02/06/2016,66,2016,23,44.73681422,1.066788212,01/06/2016,7.34959221
23,09/06/2016,52,2016,18,62.3436358,1.095682324,01/06/2016,7.34959221
24,16/06/2016,46,2016,13,58.34962268,1.09108532,01/06/2016,7.34959221
25,23/06/2016,50,2016,18,41.61510604,1.068573902,01/06/2016,7.34959221
26,30/06/2016,37,2016,10,25.68876683,1.042699015,01/07/2016,5.978463543
27,07/07/2016,30,2016,8,26.81716411,1.043198755,01/07/2016,5.978463543
28,14/07/2016,29,2016,10,39.94438899,1.063804552,01/07/2016,5.978463543
29,21/07/2016,27,2016,9,45.27097835,1.068333312,01/07/2016,5.978463543
30,28/07/2016,21,2016,9,54.78342306,1.083265039,01/07/2016,5.978463543
31,04/08/2016,26,2016,12,56.21827492,1.092781239,01/08/2016,5.315920296
32,11/08/2016,35,2016,18,48.86119537,1.082910514,01/08/2016,5.315920296
33,18/08/2016,27,2016,16,40.53398873,1.071376061,01/08/2016,5.315920296
34,25/08/2016,36,2016,18,42.60420122,1.071135654,01/08/2016,5.315920296
35,01/09/2016,38,2016,19,47.40191798,1.078801363,01/09/2016,5.843690609
36,08/09/2016,40,2016,18,32.98414394,1.053340293,01/09/2016,5.843690609
37,15/09/2016,30,2016,16,40.80159304,1.064966696,01/09/2016,5.843690609
38,22/09/2016,34,2016,18,39.92573716,1.066082592,01/09/2016,5.843690609
39,29/09/2016,42,2016,16,20.93339788,1.033845422,01/09/2016,5.843690609
40,06/10/2016,51,2016,18,24.17865914,1.037942424,01/10/2016,5.890907847
41,13/10/2016,41,2016,15,42.64351971,1.067784571,01/10/2016,5.890907847
42,20/10/2016,42,2016,14,35.04344178,1.056995031,01/10/2016,5.890907847
43,27/10/2016,32,2016,13,38.48529893,1.062334103,01/10/2016,5.890907847
44,03/11/2016,44,2016,15,9.877199155,1.015502948,01/11/2016,6.106707499
45,10/11/2016,41,2016,14,8.451846107,1.0112213,01/11/2016,6.106707499
46,17/11/2016,38,2016,11,4.892442982,1.010093083,01/11/2016,6.106707499
47,24/11/2016,42,2016,13,2.094021762,1.005615115,01/11/2016,6.106707499
48,01/12/2016,34,2016,12,24.42917644,1.040398827,01/12/2016,6.624373508
49,08/12/2016,43,2016,12,-0.737123257,1.001366437,01/12/2016,6.624373508
50,15/12/2016,37,2016,15,-5.179822759,0.995763283,01/12/2016,6.624373508
51,22/12/2016,45,2016,14,-16.12675432,0.978236501,01/12/2016,6.624373508
52,29/12/2016,35,2016,13,-23.16325769,0.967987943,01/12/2016,6.624373508
1,07/01/2017,31,2017,13,-29.08392825,0.953802649,01/01/2017,7.685265363
2,14/01/2017,37,2017,11,5.291329852,1.008171247,01/01/2017,7.685265363
3,21/01/2017,31,2017,12,2.39077532,1.011339771,01/01/2017,7.685265363
4,28/01/2017,35,2017,12,26.83923808,1.048883293,01/01/2017,7.685265363
5,04/02/2017,24,2017,6,35.70908057,1.064346487,01/02/2017,8.30781017
6,11/02/2017,34,2017,8,35.71034862,1.066342015,01/02/2017,8.30781017
7,18/02/2017,36,2017,9,29.53985605,1.056669975,01/02/2017,8.30781017
8,25/02/2017,36,2017,9,24.74437763,1.049548693,01/02/2017,8.30781017
9,04/03/2017,25,2017,9,32.19241544,1.064834966,01/03/2017,8.756943225
10,11/03/2017,20,2017,6,51.33982123,1.104580989,01/03/2017,8.756943225
11,18/03/2017,16,2017,6,22.21837049,1.048854261,01/03/2017,8.756943225
12,25/03/2017,13,2017,5,-0.06915062,0.998644165,01/03/2017,8.756943225
13,01/04/2017,19,2017,5,-3.278743422,0.994719657,01/04/2017,9.661770919
14,08/04/2017,18,2017,5,-14.0991696,0.97437988,01/04/2017,9.661770919
15,15/04/2017,22,2017,8,5.978711012,1.010567796,01/04/2017,9.661770919
16,22/04/2017,23,2017,9,12.84369415,1.021857781,01/04/2017,9.661770919
17,29/04/2017,34,2017,11,19.39696009,1.030399486,01/04/2017,9.661770919
18,06/05/2017,47,2017,13,17.69196742,1.028058437,01/05/2017,10.24485786
19,13/05/2017,45,2017,14,8.018258777,1.013091626,01/05/2017,10.24485786
20,20/05/2017,49,2017,15,12.47673636,1.018121875,01/05/2017,10.24485786
21,27/05/2017,44,2017,14,13.99275433,1.019446907,01/05/2017,10.24485786
22,03/06/2017,41,2017,12,10.07156928,1.014178481,01/06/2017,10.26260812
23,10/06/2017,39,2017,11,4.412986518,1.002779807,01/06/2017,10.26260812
24,17/06/2017,45,2017,12,14.62760392,1.020910916,01/06/2017,10.26260812
25,24/06/2017,33,2017,11,25.99508564,1.038720371,01/06/2017,10.26260812
26,01/07/2017,28,2017,10,22.33340382,1.034405022,01/07/2017,10.53040293
27,08/07/2017,35,2017,11,21.12048691,1.032412587,01/07/2017,10.53040293
28,15/07/2017,26,2017,9,6.651717817,1.010818972,01/07/2017,10.53040293
29,22/07/2017,24,2017,8,-5.95474958,0.991663694,01/07/2017,10.53040293
30,29/07/2017,28,2017,9,2.801447015,1.004779918,01/07/2017,10.53040293
31,05/08/2017,31,2017,11,-20.7125468,0.966653784,01/08/2017,9.497592821
32,12/08/2017,31,2017,11,-26.60518961,0.956570049,01/08/2017,9.497592821
33,19/08/2017,47,2017,14,-26.41482486,0.956240296,01/08/2017,9.497592821
34,26/08/2017,35,2017,12,-35.42409107,0.94178182,01/08/2017,9.497592821
35,02/09/2017,39,2017,13,-31.54941647,0.949429189,01/09/2017,8.865052663
36,09/09/2017,48,2017,15,-32.8180062,0.948162695,01/09/2017,8.865052663
37,16/09/2017,51,2017,16,-45.31027788,0.927695631,01/09/2017,8.865052663
38,23/09/2017,55,2017,17,-48.15263601,0.921372192,01/09/2017,8.865052663
39,30/09/2017,50,2017,14,-46.58935541,0.924124855,01/10/2017,8.330789975
40,07/10/2017,30,2017,13,-25.94756419,0.95670212,01/10/2017,8.330789975
41,14/10/2017,21,2017,10,20.4113914,1.030826098,01/10/2017,8.330789975
42,21/10/2017,21,2017,11,30.99039848,1.048123345,01/10/2017,8.330789975
43,28/10/2017,14,2017,8,9.071092672,1.013681089,01/10/2017,8.330789975
44,04/11/2017,12,2017,7,26.65178828,1.042513277,01/11/2017,7.886931217
45,11/11/2017,17,2017,8,-2.203427274,0.997390013,01/11/2017,7.886931217
46,18/11/2017,16,2017,8,-16.53142211,0.974515481,01/11/2017,7.886931217
47,25/11/2017,56,2017,17,-13.69731661,0.977502817,01/11/2017,7.886931217
48,02/12/2017,44,2017,19,-24.57412264,0.95942218,01/12/2017,8.183882144
49,09/12/2017,34,2017,16,-32.75924785,0.946150471,01/12/2017,8.183882144
50,16/12/2017,17,2017,8,-25.02576294,0.961105401,01/12/2017,8.183882144
51,23/12/2017,37,2017,11,-27.54694196,0.953727713,01/12/2017,8.183882144
52,30/12/2017,13,2017,7,-11.78178787,0.982756275,01/12/2017,8.183882144
1,07/01/2018,25,2018,14,-8.925613522,0.986351462,01/01/2018,7.508693739
2,14/01/2018,50,2018,19,-10.10019421,0.9829428,01/01/2018,7.508693739
3,21/01/2018,54,2018,20,-24.00636422,0.961075162,01/01/2018,7.508693739
4,28/01/2018,79,2018,25,-19.23679693,0.96878249,01/01/2018,7.508693739
5,04/02/2018,58,2018,22,-48.69376205,0.920748067,01/02/2018,8.235020664
6,11/02/2018,61,2018,20,-43.10885323,0.929410593,01/02/2018,8.235020664
7,18/02/2018,57,2018,20,13.3015487,1.024197913,01/02/2018,8.235020664
8,25/02/2018,56,2018,20,25.23574682,1.044894526,01/02/2018,8.235020664
9,04/03/2018,59,2018,23,18.7218689,1.033088444,01/03/2018,8.353936808
10,11/03/2018,74,2018,24,0.687725411,1.002065076,01/03/2018,8.353936808
11,18/03/2018,77,2018,24,7.426298596,1.014951168,01/03/2018,8.353936808
12,25/03/2018,74,2018,27,5.479993183,1.009785874,01/03/2018,8.353936808
13,01/04/2018,52,2018,25,19.43318158,1.03498547,01/04/2018,8.183284784
14,08/04/2018,31,2018,21,25.97118077,1.048076708,01/04/2018,8.183284784
15,15/04/2018,24,2018,14,29.33471888,1.055994874,01/04/2018,8.183284784
16,22/04/2018,44,2018,17,24.50310608,1.04625503,01/04/2018,8.183284784
17,29/04/2018,69,2018,23,17.37827273,1.032797079,01/04/2018,8.183284784
18,06/05/2018,54,2018,23,33.91470082,1.057739045,01/05/2018,8.720412349
19,13/05/2018,71,2018,27,32.73850707,1.053591474,01/05/2018,8.720412349
20,20/05/2018,59,2018,28,31.25289097,1.052587571,01/05/2018,8.720412349
21,27/05/2018,83,2018,30,38.5650144,1.064299523,01/05/2018,8.720412349
22,03/06/2018,64,2018,24,47.30080997,1.07926945,01/06/2018,10.01281027
23,10/06/2018,63,2018,23,27.1257162,1.045946734,01/06/2018,10.01281027
24,17/06/2018,78,2018,28,15.76142943,1.026966126,01/06/2018,10.01281027
25,24/06/2018,90,2018,27,12.58002809,1.022343125,01/06/2018,10.01281027
26,01/07/2018,70,2018,22,1.420284253,1.003234872,01/07/2018,9.451926645
27,08/07/2018,60,2018,25,-16.5861206,0.972343562,01/07/2018,9.451926645
28,15/07/2018,62,2018,23,-16.00215092,0.973180901,01/07/2018,9.451926645
29,22/07/2018,59,2018,24,-18.45341248,0.969349858,01/07/2018,9.451926645
30,29/07/2018,71,2018,20,-16.10369644,0.973218957,01/07/2018,9.451926645
31,05/08/2018,58,2018,23,-25.98296305,0.957832693,01/08/2018,9.700882519
32,12/08/2018,54,2018,21,-21.89740941,0.963944983,01/08/2018,9.700882519
33,19/08/2018,71,2018,21,-32.77550805,0.947009071,01/08/2018,9.700882519
34,26/08/2018,79,2018,22,-35.94773538,0.942195809,01/08/2018,9.700882519
35,02/09/2018,109,2018,23,-40.30603786,0.934203602,01/09/2018,9.356950106
36,09/09/2018,75,2018,24,-46.05377541,0.925500135,01/09/2018,9.356950106
37,16/09/2018,89,2018,23,-50.65484624,0.918010426,01/09/2018,9.356950106
38,23/09/2018,81,2018,24,-57.80537132,0.906099737,01/09/2018,9.356950106
39,30/09/2018,67,2018,22,-49.99374647,0.919178847,01/10/2018,8.583537801
40,07/10/2018,89,2018,22,-58.23276291,0.908320857,01/10/2018,8.583537801
41,14/10/2018,83,2018,21,-63.69341233,0.898510277,01/10/2018,8.583537801
42,21/10/2018,79,2018,23,-45.3302825,0.928050388,01/10/2018,8.583537801
43,28/10/2018,72,2018,22,36.47029023,1.056980078,01/10/2018,8.583537801
44,04/11/2018,45,2018,19,76.15293214,1.122451687,01/11/2018,7.712772061
45,11/11/2018,58,2018,19,92.71176731,1.149869976,01/11/2018,7.712772061
46,18/11/2018,66,2018,19,59.61501124,1.095089111,01/11/2018,7.712772061
47,25/11/2018,72,2018,17,11.31070406,1.017238069,01/11/2018,7.712772061
48,02/12/2018,41,2018,19,20.85709361,1.031798283,01/12/2018,7.399114117
49,09/12/2018,50,2018,15,64.17205516,1.101612176,01/12/2018,7.399114117
50,16/12/2018,39,2018,11,67.31504253,1.107316837,01/12/2018,7.399114117
51,23/12/2018,47,2018,14,38.75679018,1.060405247,01/12/2018,7.399114117
52,30/12/2018,37,2018,11,-12.43274146,0.979745062,01/12/2018,7.399114117
1,07/01/2019,26,2019,8,-29.83653855,0.950349439,01/01/2019,8.178553929
2,14/01/2019,35,2019,9,-23.66020506,0.961683745,01/01/2019,8.178553929
3,21/01/2019,40,2019,10,-48.2862879,0.922339948,01/01/2019,8.178553929
4,28/01/2019,54,2019,17,-60.21831906,0.906430743,01/01/2019,8.178553929
5,04/02/2019,34,2019,14,-48.3294612,0.926066092,01/02/2019,7.853180867
6,11/02/2019,40,2019,17,-11.4862737,0.9818745,01/02/2019,7.853180867
7,18/02/2019,51,2019,15,17.05240075,1.027536713,01/02/2019,7.853180867
8,25/02/2019,45,2019,14,32.12838097,1.050932682,01/02/2019,7.853180867
9,04/03/2019,40,2019,13,19.29216801,1.031892542,01/03/2019,7.801799056
10,11/03/2019,37,2019,12,1.011233588,1.001821606,01/03/2019,7.801799056
11,18/03/2019,39,2019,12,-3.213660474,0.99498247,01/03/2019,7.801799056
12,25/03/2019,45,2019,14,15.54557582,1.02534981,01/03/2019,7.801799056
13,01/04/2019,32,2019,13,25.93926841,1.04111957,01/04/2019,8.775499621
14,08/04/2019,31,2019,11,8.205841895,1.013308126,01/04/2019,8.775499621
15,15/04/2019,42,2019,12,-6.510669806,0.989487816,01/04/2019,8.775499621
16,22/04/2019,45,2019,16,-13.52007181,0.980324611,01/04/2019,8.775499621
17,29/04/2019,56,2019,15,-10.62481388,0.984586671,01/04/2019,8.775499621
18,06/05/2019,55,2019,18,6.87596387,1.012433106,01/05/2019,9.492043254
19,13/05/2019,49,2019,19,26.38694187,1.044671281,01/05/2019,9.492043254
20,20/05/2019,56,2019,20,24.26035711,1.041364258,01/05/2019,9.492043254
21,27/05/2019,63,2019,20,34.6582523,1.059520235,01/05/2019,9.492043254
22,03/06/2019,51,2019,17,30.98006173,1.050925835,01/06/2019,10.19365609
23,10/06/2019,56,2019,19,23.17751725,1.039509979,01/06/2019,10.19365609
24,17/06/2019,53,2019,16,19.1159439,1.032060902,01/06/2019,10.19365609
25,24/06/2019,60,2019,20,13.90289871,1.023048795,01/06/2019,10.19365609
26,01/07/2019,66,2019,19,3.585489406,1.006271148,01/07/2019,10.47312289
27,08/07/2019,66,2019,18,-2.692209061,0.995507541,01/07/2019,10.47312289
28,15/07/2019,75,2019,19,-12.67796791,0.978982101,01/07/2019,10.47312289
29,22/07/2019,70,2019,21,-14.2523546,0.97589327,01/07/2019,10.47312289
30,29/07/2019,79,2019,22,-22.1861418,0.962132929,01/07/2019,10.47312289
31,05/08/2019,96,2019,22,-24.81043777,0.95857455,01/08/2019,10.64997064
32,12/08/2019,103,2019,22,-30.72421654,0.949180665,01/08/2019,10.64997064
33,19/08/2019,83,2019,21,-33.75599594,0.944969328,01/08/2019,10.64997064
34,26/08/2019,82,2019,20,-31.21048483,0.948722191,01/08/2019,10.64997064
35,02/09/2019,76,2019,21,-35.8524979,0.942362463,01/09/2019,11.23804113
36,09/09/2019,71,2019,22,-36.0854353,0.941712039,01/09/2019,11.23804113
37,16/09/2019,75,2019,20,-38.29046278,0.937137686,01/09/2019,11.23804113
38,23/09/2019,83,2019,21,-52.29060437,0.916147333,01/09/2019,11.23804113
39,30/09/2019,81,2019,23,-40.68564069,0.934012299,01/10/2019,9.884505765
40,07/10/2019,59,2019,20,-39.54023907,0.936041817,01/10/2019,9.884505765
41,14/10/2019,59,2019,20,4.647699098,1.008107601,01/10/2019,9.884505765
42,21/10/2019,60,2019,19,55.56451896,1.087986787,01/10/2019,9.884505765
43,28/10/2019,66,2019,16,60.66324864,1.095660714,01/10/2019,9.884505765
44,04/11/2019,43,2019,20,32.33261478,1.051908958,01/11/2019,9.623234127
45,11/11/2019,54,2019,18,9.784345924,1.015203268,01/11/2019,9.623234127
46,18/11/2019,49,2019,16,-8.575159425,0.986354518,01/11/2019,9.623234127
47,25/11/2019,57,2019,16,-8.212740049,0.987402542,01/11/2019,9.623234127
48,02/12/2019,54,2019,17,-14.27475607,0.976274465,01/12/2019,9.746332092
49,09/12/2019,28,2019,14,0.513116051,1.001892342,01/12/2019,9.746332092
50,16/12/2019,46,2019,16,26.00288335,1.040231627,01/12/2019,9.746332092
51,23/12/2019,56,2019,13,34.00314629,1.051707414,01/12/2019,9.746332092
52,30/12/2019,39,2019,15,68.85232672,1.106406298,01/12/2019,9.746332092
1,07/01/2020,34,2020,14,36.92625425,1.058298797,01/01/2020,10.12969321
2,14/01/2020,61,2020,15,35.30844015,1.055123183,01/01/2020,10.12969321
3,21/01/2020,53,2020,16,27.70166832,1.042664751,01/01/2020,10.12969321
4,28/01/2020,39,2020,10,3.732600879,1.004841252,01/01/2020,10.12969321
5,04/02/2020,43,2020,14,5.221452994,1.006171948,01/02/2020,11.55374613
6,11/02/2020,37,2020,15,-6.979835918,0.986766478,01/02/2020,11.55374613
7,18/02/2020,31,2020,13,1.789253707,1.002338406,01/02/2020,11.55374613
8,25/02/2020,29,2020,11,8.024192691,1.013240349,01/02/2020,11.55374613
9,03/03/2020,46,2020,16,9.615521645,1.015569667,01/03/2020,12.0414821
10,10/03/2020,40,2020,16,25.88655585,1.042425624,01/03/2020,12.0414821
11,17/03/2020,32,2020,14,16.93723939,1.029261768,01/03/2020,12.0414821
12,24/03/2020,29,2020,14,16.21004202,1.030378329,01/03/2020,12.0414821
13,31/03/2020,37,2020,14,35.76844238,1.064569975,01/04/2020,12.26623988
14,07/04/2020,40,2020,16,42.16517338,1.082376971,01/04/2020,12.26623988
15,14/04/2020,37,2020,17,29.28139092,1.056165047,01/04/2020,12.26623988
16,21/04/2020,46,2020,19,33.55707888,1.065331296,01/04/2020,12.26623988
17,28/04/2020,54,2020,21,32.35358117,1.061978267,01/04/2020,12.26623988
18,05/05/2020,58,2020,21,33.43589051,1.060419088,01/05/2020,13.09731152
19,12/05/2020,72,2020,26,38.19239679,1.066080895,01/05/2020,13.09731152
20,19/05/2020,64,2020,23,25.62236411,1.044852282,01/05/2020,13.09731152
21,26/05/2020,69,2020,25,29.46090428,1.050775886,01/05/2020,13.09731152
22,02/06/2020,87,2020,27,13.1348979,1.022467544,01/06/2020,14.94788937
23,09/06/2020,83,2020,31,7.151960448,1.012255313,01/06/2020,14.94788937
24,16/06/2020,69,2020,30,-5.552791932,0.99113336,01/06/2020,14.94788937
25,23/06/2020,45,2020,29,-1.32923075,0.99661221,01/06/2020,14.94788937
26,30/06/2020,69,2020,32,-5.249922932,0.990028081,01/07/2020,14.93012095
27,07/07/2020,76,2020,31,-23.07807978,0.9612117,01/07/2020,14.93012095
28,14/07/2020,42,2020,28,-20.1600862,0.966166373,01/07/2020,14.93012095
29,21/07/2020,69,2020,33,-32.76316448,0.946918602,01/07/2020,14.93012095
30,28/07/2020,73,2020,32,-24.29731279,0.960093862,01/07/2020,14.93012095
31,04/08/2020,56,2020,31,-26.67083253,0.957134814,01/08/2020,14.72248102
32,11/08/2020,64,2020,32,-33.76540639,0.944715699,01/08/2020,14.72248102
33,18/08/2020,65,2020,31,-15.93849564,0.973251301,01/08/2020,14.72248102
34,25/08/2020,77,2020,33,-23.28378704,0.960979002,01/08/2020,14.72248102
35,01/09/2020,64,2020,33,-22.12194715,0.965041875,01/09/2020,14.12310521
36,08/09/2020,74,2020,32,-27.92891452,0.954308366,01/09/2020,14.12310521
37,15/09/2020,82,2020,34,-28.18673068,0.953607589,01/09/2020,14.12310521
38,22/09/2020,101,2020,34,-24.10097836,0.960380209,01/09/2020,14.12310521
39,29/09/2020,64,2020,30,-26.77715087,0.95517027,01/09/2020,14.12310521
40,06/10/2020,59,2020,29,-17.15696981,0.971428811,01/10/2020,12.21171883
41,13/10/2020,36,2020,21,-9.027372978,0.984221498,01/10/2020,12.21171883
42,20/10/2020,84,2020,30,-6.29304001,0.989883978,01/10/2020,12.21171883
43,27/10/2020,72,2020,31,-7.560027297,0.987259588,01/10/2020,12.21171883
44,03/11/2020,69,2020,29,-1.41587937,0.997527179,01/11/2020,10.92940266
45,10/11/2020,28,2020,17,-2.099016727,0.997037749,01/11/2020,10.92940266
46,17/11/2020,33,2020,19,35.01860708,1.059039853,01/11/2020,10.92940266
47,24/11/2020,14,2020,10,34.70605135,1.060293756,01/11/2020,10.92940266
48,01/12/2020,30,2020,15,53.83117942,1.089397911,01/12/2020,11.98265962
49,08/12/2020,16,2020,12,45.66551022,1.075581024,01/12/2020,11.98265962
50,15/12/2020,21,2020,14,73.75521888,1.120665781,01/12/2020,11.98265962
51,22/12/2020,29,2020,16,85.32640551,1.14180635,01/12/2020,11.98265962
52,29/12/2020,18,2020,9,75.91760619,1.119094917,01/12/2020,11.98265962
1,07/01/2021,7,2021,5,53.68527257,1.095306389,01/01/2021,12.27485712
2,14/01/2021,10,2021,9,67.25926095,1.105822099,01/01/2021,12.27485712
3,21/01/2021,15,2021,10,78.16198835,1.125983659,01/01/2021,12.27485712
4,28/01/2021,8,2021,6,69.29300158,1.107913308,01/01/2021,12.27485712
5,04/02/2021,23,2021,11,61.21114272,1.102018896,01/02/2021,13.75381268
6,11/02/2021,23,2021,10,59.78558022,1.102824594,01/02/2021,13.75381268
7,18/02/2021,28,2021,12,34.2502432,1.058001596,01/02/2021,13.75381268
8,25/02/2021,42,2021,14,34.4478668,1.059039686,01/02/2021,13.75381268
9,04/03/2021,56,2021,19,14.47272298,1.024926038,01/03/2021,15.30963382
10,11/03/2021,60,2021,25,3.470117001,1.006698185,01/03/2021,15.30963382
11,18/03/2021,49,2021,22,10.43817016,1.017557362,01/03/2021,15.30963382
12,25/03/2021,53,2021,25,13.30325065,1.022286515,01/03/2021,15.30963382
13,01/04/2021,51,2021,27,29.13685276,1.048371996,01/04/2021,16.70571812
14,08/04/2021,55,2021,23,19.53076043,1.03287342,01/04/2021,16.70571812
15,15/04/2021,54,2021,27,19.5679705,1.032964123,01/04/2021,16.70571812
16,22/04/2021,48,2021,25,7.141596477,1.011748066,01/04/2021,16.70571812
17,29/04/2021,73,2021,30,5.690835969,1.009024476,01/04/2021,16.70571812
18,06/05/2021,65,2021,30,7.149165073,1.011460872,01/05/2021,16.0826286
19,13/05/2021,38,2021,25,10.63227628,1.017746538,01/05/2021,16.0826286
20,20/05/2021,39,2021,28,8.6891045,1.013921511,01/05/2021,16.0826286
21,27/05/2021,53,2021,32,13.09548323,1.020442046,01/05/2021,16.0826286
22,03/06/2021,81,2021,35,-0.737363023,0.997354203,01/06/2021,16.13763428
23,10/06/2021,46,2021,27,-11.97835981,0.980411726,01/06/2021,16.13763428
24,17/06/2021,77,2021,32,2.354050003,1.003043734,01/06/2021,16.13763428
25,24/06/2021,49,2021,27,21.91284939,1.03435062,01/06/2021,16.13763428
26,01/07/2021,41,2021,23,17.73002419,1.029263151,01/07/2021,15.36352579
27,08/07/2021,31,2021,21,8.126943672,1.013497359,01/07/2021,15.36352579
28,15/07/2021,40,2021,19,2.65271793,1.005682899,01/07/2021,15.36352579
29,22/07/2021,56,2021,29,-12.89818758,0.979771446,01/07/2021,15.36352579
30,29/07/2021,51,2021,28,-24.39741822,0.961401827,01/07/2021,15.36352579
31,05/08/2021,70,2021,26,-17.51664403,0.972496419,01/08/2021,15.8296871
32,12/08/2021,64,2021,27,-16.73048781,0.97482485,01/08/2021,15.8296871
33,19/08/2021,73,2021,34,-23.35720458,0.963836438,01/08/2021,15.8296871
34,26/08/2021,93,2021,33,-26.31403395,0.958448848,01/08/2021,15.8296871
35,02/09/2021,96,2021,33,-41.94728787,0.935382814,01/09/2021,16.57157312
36,09/09/2021,70,2021,32,-44.94178245,0.930073465,01/09/2021,16.57157312
37,16/09/2021,61,2021,29,-56.75069691,0.912952756,01/09/2021,16.57157312
38,23/09/2021,73,2021,31,-62.42370123,0.900495325,01/09/2021,16.57157312
39,30/09/2021,74,2021,30,-73.95669093,0.884256133,01/10/2021,14.56432164
40,07/10/2021,88,2021,32,-75.47701663,0.881877389,01/10/2021,14.56432164
41,14/10/2021,69,2021,27,-78.01570059,0.881417801,01/10/2021,14.56432164
42,21/10/2021,38,2021,20,-72.37068058,0.885845868,01/10/2021,14.56432164
43,28/10/2021,48,2021,26,-26.06104225,0.960779161,01/10/2021,14.56432164
44,04/11/2021,37,2021,22,14.57599297,1.024929996,01/11/2021,11.97836267
45,11/11/2021,29,2021,17,41.61354972,1.069263527,01/11/2021,11.97836267
46,18/11/2021,41,2021,22,33.08674681,1.055872768,01/11/2021,11.97836267
47,25/11/2021,34,2021,19,26.42832594,1.043363187,01/11/2021,11.97836267
48,02/12/2021,38,2021,24,27.6093269,1.047414398,01/12/2021,10.82687529
49,09/12/2021,28,2021,20,8.1109482,1.012745067,01/12/2021,10.82687529
50,16/12/2021,43,2021,22,17.66391227,1.026922481,01/12/2021,10.82687529
51,23/12/2021,37,2021,21,24.53893307,1.03759082,01/12/2021,10.82687529
52,30/12/2021,36,2021,18,23.41066718,1.037052506,01/12/2021,10.82687529
1,07/01/2022,39,2022,19,11.14365021,1.022990886,01/01/2022,12.03600068
2,14/01/2022,52,2022,21,22.26900256,1.040064208,01/01/2022,12.03600068
3,21/01/2022,58,2022,27,20.65274257,1.035833852,01/01/2022,12.03600068
4,28/01/2022,49,2022,23,28.02573558,1.044865871,01/01/2022,12.03600068
5,04/02/2022,54,2022,30,33.3672719,1.05314936,01/02/2022,13.42381962
6,11/02/2022,78,2022,32,32.34855,1.0514101,01/02/2022,13.42381962
7,18/02/2022,71,2022,28,30.75348456,1.048439485,01/02/2022,13.42381962
8,25/02/2022,72,2022,29,17.12633675,1.027647295,01/02/2022,13.42381962
9,04/03/2022,53,2022,26,11.37289186,1.019819498,01/03/2022,15.0254468
10,11/03/2022,73,2022,40,20.47068898,1.035450141,01/03/2022,15.0254468
11,18/03/2022,86,2022,36,7.085635298,1.01357991,01/03/2022,15.0254468
12,25/03/2022,88,2022,44,-4.326744096,0.994736431,01/03/2022,15.0254468
13,01/04/2022,100,2022,37,3.28962563,1.006072389,01/04/2022,15.68033979
14,08/04/2022,77,2022,37,1.592119239,1.002151461,01/04/2022,15.68033979
15,15/04/2022,85,2022,36,16.42686518,1.027522775,01/04/2022,15.68033979
16,22/04/2022,91,2022,39,18.96775605,1.03400628,01/04/2022,15.68033979
17,29/04/2022,84,2022,39,23.68337915,1.039629495,01/04/2022,15.68033979
18,06/05/2022,84,2022,43,30.18443347,1.050056517,01/05/2022,15.66213047
19,13/05/2022,88,2022,41,30.04501761,1.048026622,01/05/2022,15.66213047
20,20/05/2022,78,2022,46,27.83833589,1.045546519,01/05/2022,15.66213047
21,27/05/2022,83,2022,41,11.21876585,1.018991383,01/05/2022,15.66213047
22,03/06/2022,85,2022,33,42.66232792,1.070613498,01/06/2022,14.5350576
23,10/06/2022,53,2022,28,51.40278976,1.085190459,01/06/2022,14.5350576
24,17/06/2022,52,2022,32,46.8964772,1.076626449,01/06/2022,14.5350576
25,24/06/2022,28,2022,22,37.75639689,1.062749759,01/06/2022,14.5350576
26,01/07/2022,32,2022,24,41.63562309,1.071234864,01/07/2022,14.54369807
27,08/07/2022,46,2022,25,54.58415311,1.087990262,01/07/2022,14.54369807
28,15/07/2022,67,2022,34,78.40989845,1.128180946,01/07/2022,14.54369807
29,22/07/2022,44,2022,24,72.1668504,1.11571461,01/07/2022,14.54369807
30,29/07/2022,49,2022,25,87.51758691,1.142849174,01/07/2022,14.54369807
31,05/08/2022,38,2022,21,75.25781255,1.126372694,01/08/2022,13.2459256
32,12/08/2022,33,2022,23,65.4895701,1.108679239,01/08/2022,13.2459256
33,19/08/2022,31,2022,18,64.62725521,1.109762961,01/08/2022,13.2459256
34,26/08/2022,24,2022,15,43.41633806,1.07110891,01/08/2022,13.2459256
35,02/09/2022,23,2022,15,35.65231458,1.060142186,01/09/2022,13.84380044
36,09/09/2022,40,2022,18,33.48762251,1.056773896,01/09/2022,13.84380044
37,16/09/2022,38,2022,20,23.56484592,1.037483388,01/09/2022,13.84380044
38,23/09/2022,57,2022,29,16.82730424,1.02689947,01/09/2022,13.84380044
39,30/09/2022,48,2022,27,-0.408311248,0.998397403,01/10/2022,13.78819219
40,07/10/2022,55,2022,27,-16.06332643,0.973554092,01/10/2022,13.78819219
41,14/10/2022,47,2022,27,-16.05072879,0.973362146,01/10/2022,13.78819219
42,21/10/2022,47,2022,24,-22.49082938,0.965366779,01/10/2022,13.78819219
43,28/10/2022,38,2022,25,-39.05373741,0.938396592,01/10/2022,13.78819219
44,04/11/2022,34,2022,22,-48.59662334,0.925962457,01/11/2022,13.66915135
45,11/11/2022,30,2022,19,-11.06069832,0.982895952,01/11/2022,13.66915135
46,18/11/2022,23,2022,15,4.160745599,1.005326786,01/11/2022,13.66915135
47,25/11/2022,38,2022,17,4.295547641,1.005899127,01/11/2022,13.66915135
48,02/12/2022,26,2022,17,-14.68849116,0.975795309,01/12/2022,13.75528014
49,09/12/2022,25,2022,15,-6.881193463,0.987718553,01/12/2022,13.75528014
50,16/12/2022,17,2022,13,-0.076283711,0.997826285,01/12/2022,13.75528014
51,23/12/2022,29,2022,19,24.26553208,1.037106823,01/12/2022,13.75528014
52,30/12/2022,28,2022,18,23.91403306,1.039224986,01/12/2022,13.75528014
1,07/01/2023,24,2023,14,16.88965865,1.026469563,01/01/2023,13.42451454
2,14/01/2023,32,2023,20,-5.585306426,0.989978411,01/01/2023,13.42451454
3,21/01/2023,45,2023,24,-13.45703904,0.979042393,01/01/2023,13.42451454
4,28/01/2023,39,2023,28,-8.390901579,0.988152371,01/01/2023,13.42451454
5,04/02/2023,63,2023,28,-27.16705983,0.955864078,01/02/2023,14.54152509
6,11/02/2023,43,2023,24,-29.3945238,0.951681489,01/02/2023,14.54152509
7,18/02/2023,83,2023,47,-18.23872881,0.972079362,01/02/2023,14.54152509
8,25/02/2023,80,2023,43,-8.869050491,0.98552451,01/02/2023,14.54152509
9,04/03/2023,65,2023,42,-5.672443406,0.991287339,01/03/2023,15.10940983
10,11/03/2023,74,2023,42,-11.30417902,0.982936639,01/03/2023,15.10940983
11,18/03/2023,90,2023,46,-12.47879393,0.980956582,01/03/2023,15.10940983
12,25/03/2023,72,2023,39,-25.62900301,0.960861453,01/03/2023,15.10940983
13,01/04/2023,93,2023,42,-1.611880578,0.997988691,01/04/2023,14.7433744
14,08/04/2023,63,2023,33,-7.043500963,0.989004598,01/04/2023,14.7433744
15,15/04/2023,94,2023,57,-0.924387541,1.00043648,01/04/2023,14.7433744
16,22/04/2023,72,2023,46,-17.95173012,0.972687489,01/04/2023,14.7433744
17,29/04/2023,114,2023,61,-19.93006264,0.969193099,01/04/2023,14.7433744
18,06/05/2023,110,2023,56,-20.7265638,0.967719216,01/05/2023,14.2653554
19,13/05/2023,93,2023,53,-6.853185596,0.990639867,01/05/2023,14.2653554
20,20/05/2023,107,2023,59,-0.405941854,0.999998955,01/05/2023,14.2653554
21,27/05/2023,91,2023,48,-0.533013353,1.000815174,01/05/2023,14.2653554
22,03/06/2023,81,2023,46,-7.536878848,0.988453546,01/06/2023,14.43473599
23,10/06/2023,119,2023,56,2.769915745,1.005260597,01/06/2023,14.43473599
24,17/06/2023,122,2023,55,-3.914067433,0.995270721,01/06/2023,14.43473599
25,24/06/2023,75,2023,37,-3.953393316,0.995440594,01/06/2023,14.43473599
26,01/07/2023,66,2023,39,-4.75185243,0.993616852,01/07/2023,14.38433495
27,08/07/2023,83,2023,35,1.03823659,1.003073257,01/07/2023,14.38433495
28,15/07/2023,121,2023,55,-5.583973829,0.991714426,01/07/2023,14.38433495
29,22/07/2023,128,2023,53,-10.14124465,0.985257102,01/07/2023,14.38433495
30,29/07/2023,96,2023,48,-4.966858817,0.992337075,01/07/2023,14.38433495
31,05/08/2023,74,2023,44,-15.39924317,0.974486532,01/08/2023,14.23053726
32,12/08/2023,110,2023,51,-12.5357221,0.980946801,01/08/2023,14.23053726
33,19/08/2023,142,2023,56,-11.7762507,0.981516074,01/08/2023,14.23053726
34,26/08/2023,153,2023,58,-13.44163317,0.978532348,01/08/2023,14.23053726
35,02/09/2023,123,2023,53,-15.02342296,0.976255262,01/09/2023,13.70944453
36,09/09/2023,135,2023,53,-12.05289151,0.981112188,01/09/2023,13.70944453
37,16/09/2023,110,2023,50,-15.2802671,0.974783884,01/09/2023,13.70944453
38,23/09/2023,166,2023,63,-18.81170265,0.969121221,01/09/2023,13.70944453
39,30/09/2023,141,2023,56,-18.72663393,0.970450216,01/10/2023,11.92300973
40,07/10/2023,166,2023,54,-28.9504405,0.953928328,01/10/2023,11.92300973
41,14/10/2023,82,2023,38,31.74504239,1.054329491,01/10/2023,11.92300973
42,21/10/2023,82,2023,39,64.16333859,1.108237394,01/10/2023,11.92300973
43,28/10/2023,110,2023,34,64.98433873,1.10640104,01/10/2023,11.92300973
44,04/11/2023,94,2023,34,32.33962101,1.052596135,01/11/2023,11.41044579
45,11/11/2023,106,2023,36,5.406121701,1.009005202,01/11/2023,11.41044579
46,18/11/2023,85,2023,38,-11.49144219,0.982617056,01/11/2023,11.41044579
47,25/11/2023,71,2023,34,-10.04484116,0.984713539,01/11/2023,11.41044579
48,02/12/2023,72,2023,23,-3.8831383,0.990626319,01/12/2023,12.491268
49,09/12/2023,77,2023,27,-6.051358068,0.987345977,01/12/2023,12.491268
50,16/12/2023,86,2023,29,-0.550480197,0.99604624,01/12/2023,12.491268
51,23/12/2023,78,2023,32,-30.22676764,0.94790551,01/12/2023,12.491268
52,30/12/2023,53,2023,30,-27.85108649,0.952185091,01/12/2023,12.491268
